MgmtID,StandID,Year,Canopy_Ht,RunTitle,CaseID
A001,1,2023,6,Run 1,2c06a787-c57e-40af-871f-61daf26808bf
A001,1,2024,6,Run 1,2c06a787-c57e-40af-871f-61daf26808bf
A001,1,2025,7,Run 1,2c06a787-c57e-40af-871f-61daf26808bf
A001,1,2026,7,Run 1,2c06a787-c57e-40af-871f-61daf26808bf
A001,1,2027,7,Run 1,2c06a787-c57e-40af-871f-61daf26808bf
A001,1,2028,7,Run 1,2c06a787-c57e-40af-871f-61daf26808bf
A001,1,2029,7,Run 1,2c06a787-c57e-40af-871f-61daf26808bf
A001,1,2030,8,Run 1,2c06a787-c57e-40af-871f-61daf26808bf
A001,1,2031,8,Run 1,2c06a787-c57e-40af-871f-61daf26808bf
A001,1,2032,8,Run 1,2c06a787-c57e-40af-871f-61daf26808bf
A001,10,2023,4,Run 1,574eb82f-1f6c-4942-b101-fc5913d00c06
A001,10,2024,4,Run 1,574eb82f-1f6c-4942-b101-fc5913d00c06
A001,10,2025,5,Run 1,574eb82f-1f6c-4942-b101-fc5913d00c06
A001,10,2026,5,Run 1,574eb82f-1f6c-4942-b101-fc5913d00c06
A001,10,2027,5,Run 1,574eb82f-1f6c-4942-b101-fc5913d00c06
A001,10,2028,5,Run 1,574eb82f-1f6c-4942-b101-fc5913d00c06
A001,10,2029,6,Run 1,574eb82f-1f6c-4942-b101-fc5913d00c06
A001,10,2030,6,Run 1,574eb82f-1f6c-4942-b101-fc5913d00c06
A001,10,2031,6,Run 1,574eb82f-1f6c-4942-b101-fc5913d00c06
A001,10,2032,6,Run 1,574eb82f-1f6c-4942-b101-fc5913d00c06
A001,100,2023,18,Run 1,5b0b0e77-3f12-4c85-bcb5-9abd4774dc31
A001,100,2024,18,Run 1,5b0b0e77-3f12-4c85-bcb5-9abd4774dc31
A001,100,2025,18,Run 1,5b0b0e77-3f12-4c85-bcb5-9abd4774dc31
A001,100,2026,18,Run 1,5b0b0e77-3f12-4c85-bcb5-9abd4774dc31
A001,100,2027,18,Run 1,5b0b0e77-3f12-4c85-bcb5-9abd4774dc31
A001,100,2028,18,Run 1,5b0b0e77-3f12-4c85-bcb5-9abd4774dc31
A001,100,2029,19,Run 1,5b0b0e77-3f12-4c85-bcb5-9abd4774dc31
A001,100,2030,19,Run 1,5b0b0e77-3f12-4c85-bcb5-9abd4774dc31
A001,100,2031,19,Run 1,5b0b0e77-3f12-4c85-bcb5-9abd4774dc31
A001,100,2032,19,Run 1,5b0b0e77-3f12-4c85-bcb5-9abd4774dc31
A001,101,2023,18,Run 1,44411e4a-eff3-4e68-827b-7532c218945f
A001,101,2024,18,Run 1,44411e4a-eff3-4e68-827b-7532c218945f
A001,101,2025,18,Run 1,44411e4a-eff3-4e68-827b-7532c218945f
A001,101,2026,19,Run 1,44411e4a-eff3-4e68-827b-7532c218945f
A001,101,2027,19,Run 1,44411e4a-eff3-4e68-827b-7532c218945f
A001,101,2028,19,Run 1,44411e4a-eff3-4e68-827b-7532c218945f
A001,101,2029,19,Run 1,44411e4a-eff3-4e68-827b-7532c218945f
A001,101,2030,20,Run 1,44411e4a-eff3-4e68-827b-7532c218945f
A001,101,2031,20,Run 1,44411e4a-eff3-4e68-827b-7532c218945f
A001,101,2032,20,Run 1,44411e4a-eff3-4e68-827b-7532c218945f
A001,102,2023,19,Run 1,650dd303-31c0-47fe-b678-1b560b179c94
A001,102,2024,19,Run 1,650dd303-31c0-47fe-b678-1b560b179c94
A001,102,2025,19,Run 1,650dd303-31c0-47fe-b678-1b560b179c94
A001,102,2026,20,Run 1,650dd303-31c0-47fe-b678-1b560b179c94
A001,102,2027,20,Run 1,650dd303-31c0-47fe-b678-1b560b179c94
A001,102,2028,20,Run 1,650dd303-31c0-47fe-b678-1b560b179c94
A001,102,2029,20,Run 1,650dd303-31c0-47fe-b678-1b560b179c94
A001,102,2030,20,Run 1,650dd303-31c0-47fe-b678-1b560b179c94
A001,102,2031,20,Run 1,650dd303-31c0-47fe-b678-1b560b179c94
A001,102,2032,20,Run 1,650dd303-31c0-47fe-b678-1b560b179c94
A001,103,2023,20,Run 1,92e67098-f077-4e88-92a9-53532168127c
A001,103,2024,21,Run 1,92e67098-f077-4e88-92a9-53532168127c
A001,103,2025,21,Run 1,92e67098-f077-4e88-92a9-53532168127c
A001,103,2026,22,Run 1,92e67098-f077-4e88-92a9-53532168127c
A001,103,2027,22,Run 1,92e67098-f077-4e88-92a9-53532168127c
A001,103,2028,22,Run 1,92e67098-f077-4e88-92a9-53532168127c
A001,103,2029,22,Run 1,92e67098-f077-4e88-92a9-53532168127c
A001,103,2030,22,Run 1,92e67098-f077-4e88-92a9-53532168127c
A001,103,2031,23,Run 1,92e67098-f077-4e88-92a9-53532168127c
A001,103,2032,23,Run 1,92e67098-f077-4e88-92a9-53532168127c
A001,104,2023,19,Run 1,a5ea0810-2d3f-485e-9a04-57ea0a9a347e
A001,104,2024,19,Run 1,a5ea0810-2d3f-485e-9a04-57ea0a9a347e
A001,104,2025,19,Run 1,a5ea0810-2d3f-485e-9a04-57ea0a9a347e
A001,104,2026,19,Run 1,a5ea0810-2d3f-485e-9a04-57ea0a9a347e
A001,104,2027,19,Run 1,a5ea0810-2d3f-485e-9a04-57ea0a9a347e
A001,104,2028,20,Run 1,a5ea0810-2d3f-485e-9a04-57ea0a9a347e
A001,104,2029,20,Run 1,a5ea0810-2d3f-485e-9a04-57ea0a9a347e
A001,104,2030,20,Run 1,a5ea0810-2d3f-485e-9a04-57ea0a9a347e
A001,104,2031,20,Run 1,a5ea0810-2d3f-485e-9a04-57ea0a9a347e
A001,104,2032,20,Run 1,a5ea0810-2d3f-485e-9a04-57ea0a9a347e
A001,105,2023,17,Run 1,32e0c198-6b2d-48ee-8e00-5458fd7e655e
A001,105,2024,17,Run 1,32e0c198-6b2d-48ee-8e00-5458fd7e655e
A001,105,2025,17,Run 1,32e0c198-6b2d-48ee-8e00-5458fd7e655e
A001,105,2026,18,Run 1,32e0c198-6b2d-48ee-8e00-5458fd7e655e
A001,105,2027,18,Run 1,32e0c198-6b2d-48ee-8e00-5458fd7e655e
A001,105,2028,18,Run 1,32e0c198-6b2d-48ee-8e00-5458fd7e655e
A001,105,2029,18,Run 1,32e0c198-6b2d-48ee-8e00-5458fd7e655e
A001,105,2030,18,Run 1,32e0c198-6b2d-48ee-8e00-5458fd7e655e
A001,105,2031,19,Run 1,32e0c198-6b2d-48ee-8e00-5458fd7e655e
A001,105,2032,19,Run 1,32e0c198-6b2d-48ee-8e00-5458fd7e655e
A001,106,2023,17,Run 1,1a56d2c4-0a08-4a06-a96b-569fdd6d28ee
A001,106,2024,18,Run 1,1a56d2c4-0a08-4a06-a96b-569fdd6d28ee
A001,106,2025,18,Run 1,1a56d2c4-0a08-4a06-a96b-569fdd6d28ee
A001,106,2026,18,Run 1,1a56d2c4-0a08-4a06-a96b-569fdd6d28ee
A001,106,2027,18,Run 1,1a56d2c4-0a08-4a06-a96b-569fdd6d28ee
A001,106,2028,18,Run 1,1a56d2c4-0a08-4a06-a96b-569fdd6d28ee
A001,106,2029,18,Run 1,1a56d2c4-0a08-4a06-a96b-569fdd6d28ee
A001,106,2030,18,Run 1,1a56d2c4-0a08-4a06-a96b-569fdd6d28ee
A001,106,2031,18,Run 1,1a56d2c4-0a08-4a06-a96b-569fdd6d28ee
A001,106,2032,19,Run 1,1a56d2c4-0a08-4a06-a96b-569fdd6d28ee
A001,107,2023,37,Run 1,649fd5e6-d9b2-4aec-b506-45113aa0f057
A001,107,2024,37,Run 1,649fd5e6-d9b2-4aec-b506-45113aa0f057
A001,107,2025,37,Run 1,649fd5e6-d9b2-4aec-b506-45113aa0f057
A001,107,2026,37,Run 1,649fd5e6-d9b2-4aec-b506-45113aa0f057
A001,107,2027,37,Run 1,649fd5e6-d9b2-4aec-b506-45113aa0f057
A001,107,2028,37,Run 1,649fd5e6-d9b2-4aec-b506-45113aa0f057
A001,107,2029,37,Run 1,649fd5e6-d9b2-4aec-b506-45113aa0f057
A001,107,2030,37,Run 1,649fd5e6-d9b2-4aec-b506-45113aa0f057
A001,107,2031,37,Run 1,649fd5e6-d9b2-4aec-b506-45113aa0f057
A001,107,2032,38,Run 1,649fd5e6-d9b2-4aec-b506-45113aa0f057
A001,108,2023,20,Run 1,765fd771-4517-4e16-b4e0-8b1388dc7c03
A001,108,2024,20,Run 1,765fd771-4517-4e16-b4e0-8b1388dc7c03
A001,108,2025,20,Run 1,765fd771-4517-4e16-b4e0-8b1388dc7c03
A001,108,2026,20,Run 1,765fd771-4517-4e16-b4e0-8b1388dc7c03
A001,108,2027,20,Run 1,765fd771-4517-4e16-b4e0-8b1388dc7c03
A001,108,2028,21,Run 1,765fd771-4517-4e16-b4e0-8b1388dc7c03
A001,108,2029,21,Run 1,765fd771-4517-4e16-b4e0-8b1388dc7c03
A001,108,2030,21,Run 1,765fd771-4517-4e16-b4e0-8b1388dc7c03
A001,108,2031,21,Run 1,765fd771-4517-4e16-b4e0-8b1388dc7c03
A001,108,2032,21,Run 1,765fd771-4517-4e16-b4e0-8b1388dc7c03
A001,109,2023,19,Run 1,9d2e5eb7-11b2-49c0-89f1-741eb92d39d0
A001,109,2024,19,Run 1,9d2e5eb7-11b2-49c0-89f1-741eb92d39d0
A001,109,2025,20,Run 1,9d2e5eb7-11b2-49c0-89f1-741eb92d39d0
A001,109,2026,20,Run 1,9d2e5eb7-11b2-49c0-89f1-741eb92d39d0
A001,109,2027,20,Run 1,9d2e5eb7-11b2-49c0-89f1-741eb92d39d0
A001,109,2028,20,Run 1,9d2e5eb7-11b2-49c0-89f1-741eb92d39d0
A001,109,2029,20,Run 1,9d2e5eb7-11b2-49c0-89f1-741eb92d39d0
A001,109,2030,20,Run 1,9d2e5eb7-11b2-49c0-89f1-741eb92d39d0
A001,109,2031,20,Run 1,9d2e5eb7-11b2-49c0-89f1-741eb92d39d0
A001,109,2032,20,Run 1,9d2e5eb7-11b2-49c0-89f1-741eb92d39d0
A001,11,2023,14,Run 1,765c4054-7cb2-441f-bf1d-7b7fb3795220
A001,11,2024,14,Run 1,765c4054-7cb2-441f-bf1d-7b7fb3795220
A001,11,2025,14,Run 1,765c4054-7cb2-441f-bf1d-7b7fb3795220
A001,11,2026,14,Run 1,765c4054-7cb2-441f-bf1d-7b7fb3795220
A001,11,2027,14,Run 1,765c4054-7cb2-441f-bf1d-7b7fb3795220
A001,11,2028,14,Run 1,765c4054-7cb2-441f-bf1d-7b7fb3795220
A001,11,2029,14,Run 1,765c4054-7cb2-441f-bf1d-7b7fb3795220
A001,11,2030,15,Run 1,765c4054-7cb2-441f-bf1d-7b7fb3795220
A001,11,2031,15,Run 1,765c4054-7cb2-441f-bf1d-7b7fb3795220
A001,11,2032,15,Run 1,765c4054-7cb2-441f-bf1d-7b7fb3795220
A001,110,2023,24,Run 1,343be9bc-e733-4e73-a086-7af198b75336
A001,110,2024,25,Run 1,343be9bc-e733-4e73-a086-7af198b75336
A001,110,2025,25,Run 1,343be9bc-e733-4e73-a086-7af198b75336
A001,110,2026,25,Run 1,343be9bc-e733-4e73-a086-7af198b75336
A001,110,2027,26,Run 1,343be9bc-e733-4e73-a086-7af198b75336
A001,110,2028,26,Run 1,343be9bc-e733-4e73-a086-7af198b75336
A001,110,2029,26,Run 1,343be9bc-e733-4e73-a086-7af198b75336
A001,110,2030,27,Run 1,343be9bc-e733-4e73-a086-7af198b75336
A001,110,2031,27,Run 1,343be9bc-e733-4e73-a086-7af198b75336
A001,110,2032,27,Run 1,343be9bc-e733-4e73-a086-7af198b75336
A001,111,2023,7,Run 1,2cddae51-9103-4836-8114-52ab78a0bdfe
A001,111,2024,7,Run 1,2cddae51-9103-4836-8114-52ab78a0bdfe
A001,111,2025,8,Run 1,2cddae51-9103-4836-8114-52ab78a0bdfe
A001,111,2026,8,Run 1,2cddae51-9103-4836-8114-52ab78a0bdfe
A001,111,2027,8,Run 1,2cddae51-9103-4836-8114-52ab78a0bdfe
A001,111,2028,8,Run 1,2cddae51-9103-4836-8114-52ab78a0bdfe
A001,111,2029,8,Run 1,2cddae51-9103-4836-8114-52ab78a0bdfe
A001,111,2030,8,Run 1,2cddae51-9103-4836-8114-52ab78a0bdfe
A001,111,2031,9,Run 1,2cddae51-9103-4836-8114-52ab78a0bdfe
A001,111,2032,9,Run 1,2cddae51-9103-4836-8114-52ab78a0bdfe
A001,112,2023,2,Run 1,30d328aa-2b33-46b7-8390-6313a1b02c2c
A001,112,2024,2,Run 1,30d328aa-2b33-46b7-8390-6313a1b02c2c
A001,112,2025,2,Run 1,30d328aa-2b33-46b7-8390-6313a1b02c2c
A001,112,2026,2,Run 1,30d328aa-2b33-46b7-8390-6313a1b02c2c
A001,112,2027,2,Run 1,30d328aa-2b33-46b7-8390-6313a1b02c2c
A001,112,2028,2,Run 1,30d328aa-2b33-46b7-8390-6313a1b02c2c
A001,112,2029,2,Run 1,30d328aa-2b33-46b7-8390-6313a1b02c2c
A001,112,2030,2,Run 1,30d328aa-2b33-46b7-8390-6313a1b02c2c
A001,112,2031,2,Run 1,30d328aa-2b33-46b7-8390-6313a1b02c2c
A001,112,2032,3,Run 1,30d328aa-2b33-46b7-8390-6313a1b02c2c
A001,113,2023,3,Run 1,755feec8-6544-44fd-b12b-78503e6e781b
A001,113,2024,3,Run 1,755feec8-6544-44fd-b12b-78503e6e781b
A001,113,2025,3,Run 1,755feec8-6544-44fd-b12b-78503e6e781b
A001,113,2026,3,Run 1,755feec8-6544-44fd-b12b-78503e6e781b
A001,113,2027,3,Run 1,755feec8-6544-44fd-b12b-78503e6e781b
A001,113,2028,4,Run 1,755feec8-6544-44fd-b12b-78503e6e781b
A001,113,2029,4,Run 1,755feec8-6544-44fd-b12b-78503e6e781b
A001,113,2030,4,Run 1,755feec8-6544-44fd-b12b-78503e6e781b
A001,113,2031,4,Run 1,755feec8-6544-44fd-b12b-78503e6e781b
A001,113,2032,4,Run 1,755feec8-6544-44fd-b12b-78503e6e781b
A001,114,2023,4,Run 1,46bcf2e6-ee0d-40ed-b567-1a321979799e
A001,114,2024,4,Run 1,46bcf2e6-ee0d-40ed-b567-1a321979799e
A001,114,2025,4,Run 1,46bcf2e6-ee0d-40ed-b567-1a321979799e
A001,114,2026,4,Run 1,46bcf2e6-ee0d-40ed-b567-1a321979799e
A001,114,2027,5,Run 1,46bcf2e6-ee0d-40ed-b567-1a321979799e
A001,114,2028,5,Run 1,46bcf2e6-ee0d-40ed-b567-1a321979799e
A001,114,2029,5,Run 1,46bcf2e6-ee0d-40ed-b567-1a321979799e
A001,114,2030,5,Run 1,46bcf2e6-ee0d-40ed-b567-1a321979799e
A001,114,2031,5,Run 1,46bcf2e6-ee0d-40ed-b567-1a321979799e
A001,114,2032,6,Run 1,46bcf2e6-ee0d-40ed-b567-1a321979799e
A001,115,2023,5,Run 1,055aba7f-03c6-4ae5-a321-3a3f090b44a6
A001,115,2024,5,Run 1,055aba7f-03c6-4ae5-a321-3a3f090b44a6
A001,115,2025,5,Run 1,055aba7f-03c6-4ae5-a321-3a3f090b44a6
A001,115,2026,6,Run 1,055aba7f-03c6-4ae5-a321-3a3f090b44a6
A001,115,2027,6,Run 1,055aba7f-03c6-4ae5-a321-3a3f090b44a6
A001,115,2028,6,Run 1,055aba7f-03c6-4ae5-a321-3a3f090b44a6
A001,115,2029,6,Run 1,055aba7f-03c6-4ae5-a321-3a3f090b44a6
A001,115,2030,6,Run 1,055aba7f-03c6-4ae5-a321-3a3f090b44a6
A001,115,2031,7,Run 1,055aba7f-03c6-4ae5-a321-3a3f090b44a6
A001,115,2032,7,Run 1,055aba7f-03c6-4ae5-a321-3a3f090b44a6
A001,116,2023,6,Run 1,ce5dfe38-1b10-49fc-9f53-9ac276adb8d4
A001,116,2024,6,Run 1,ce5dfe38-1b10-49fc-9f53-9ac276adb8d4
A001,116,2025,6,Run 1,ce5dfe38-1b10-49fc-9f53-9ac276adb8d4
A001,116,2026,7,Run 1,ce5dfe38-1b10-49fc-9f53-9ac276adb8d4
A001,116,2027,7,Run 1,ce5dfe38-1b10-49fc-9f53-9ac276adb8d4
A001,116,2028,7,Run 1,ce5dfe38-1b10-49fc-9f53-9ac276adb8d4
A001,116,2029,7,Run 1,ce5dfe38-1b10-49fc-9f53-9ac276adb8d4
A001,116,2030,8,Run 1,ce5dfe38-1b10-49fc-9f53-9ac276adb8d4
A001,116,2031,8,Run 1,ce5dfe38-1b10-49fc-9f53-9ac276adb8d4
A001,116,2032,8,Run 1,ce5dfe38-1b10-49fc-9f53-9ac276adb8d4
A001,117,2023,4,Run 1,1e08e108-1c92-4d3c-a2bb-3b1c3c291e5e
A001,117,2024,4,Run 1,1e08e108-1c92-4d3c-a2bb-3b1c3c291e5e
A001,117,2025,4,Run 1,1e08e108-1c92-4d3c-a2bb-3b1c3c291e5e
A001,117,2026,4,Run 1,1e08e108-1c92-4d3c-a2bb-3b1c3c291e5e
A001,117,2027,5,Run 1,1e08e108-1c92-4d3c-a2bb-3b1c3c291e5e
A001,117,2028,5,Run 1,1e08e108-1c92-4d3c-a2bb-3b1c3c291e5e
A001,117,2029,5,Run 1,1e08e108-1c92-4d3c-a2bb-3b1c3c291e5e
A001,117,2030,5,Run 1,1e08e108-1c92-4d3c-a2bb-3b1c3c291e5e
A001,117,2031,5,Run 1,1e08e108-1c92-4d3c-a2bb-3b1c3c291e5e
A001,117,2032,6,Run 1,1e08e108-1c92-4d3c-a2bb-3b1c3c291e5e
A001,118,2023,5,Run 1,6ecbdaf0-34cc-4e47-8f5d-7dae88e3acd8
A001,118,2024,5,Run 1,6ecbdaf0-34cc-4e47-8f5d-7dae88e3acd8
A001,118,2025,5,Run 1,6ecbdaf0-34cc-4e47-8f5d-7dae88e3acd8
A001,118,2026,5,Run 1,6ecbdaf0-34cc-4e47-8f5d-7dae88e3acd8
A001,118,2027,5,Run 1,6ecbdaf0-34cc-4e47-8f5d-7dae88e3acd8
A001,118,2028,5,Run 1,6ecbdaf0-34cc-4e47-8f5d-7dae88e3acd8
A001,118,2029,5,Run 1,6ecbdaf0-34cc-4e47-8f5d-7dae88e3acd8
A001,118,2030,5,Run 1,6ecbdaf0-34cc-4e47-8f5d-7dae88e3acd8
A001,118,2031,5,Run 1,6ecbdaf0-34cc-4e47-8f5d-7dae88e3acd8
A001,118,2032,5,Run 1,6ecbdaf0-34cc-4e47-8f5d-7dae88e3acd8
A001,119,2023,5,Run 1,65bccdd3-7339-4106-b19b-d8d43c4d0a98
A001,119,2024,5,Run 1,65bccdd3-7339-4106-b19b-d8d43c4d0a98
A001,119,2025,5,Run 1,65bccdd3-7339-4106-b19b-d8d43c4d0a98
A001,119,2026,5,Run 1,65bccdd3-7339-4106-b19b-d8d43c4d0a98
A001,119,2027,5,Run 1,65bccdd3-7339-4106-b19b-d8d43c4d0a98
A001,119,2028,5,Run 1,65bccdd3-7339-4106-b19b-d8d43c4d0a98
A001,119,2029,5,Run 1,65bccdd3-7339-4106-b19b-d8d43c4d0a98
A001,119,2030,5,Run 1,65bccdd3-7339-4106-b19b-d8d43c4d0a98
A001,119,2031,5,Run 1,65bccdd3-7339-4106-b19b-d8d43c4d0a98
A001,119,2032,5,Run 1,65bccdd3-7339-4106-b19b-d8d43c4d0a98
A001,12,2023,3,Run 1,c63a6fe4-23e5-4be6-945b-60774677eaf1
A001,12,2024,3,Run 1,c63a6fe4-23e5-4be6-945b-60774677eaf1
A001,12,2025,4,Run 1,c63a6fe4-23e5-4be6-945b-60774677eaf1
A001,12,2026,4,Run 1,c63a6fe4-23e5-4be6-945b-60774677eaf1
A001,12,2027,4,Run 1,c63a6fe4-23e5-4be6-945b-60774677eaf1
A001,12,2028,4,Run 1,c63a6fe4-23e5-4be6-945b-60774677eaf1
A001,12,2029,4,Run 1,c63a6fe4-23e5-4be6-945b-60774677eaf1
A001,12,2030,5,Run 1,c63a6fe4-23e5-4be6-945b-60774677eaf1
A001,12,2031,5,Run 1,c63a6fe4-23e5-4be6-945b-60774677eaf1
A001,12,2032,6,Run 1,c63a6fe4-23e5-4be6-945b-60774677eaf1
A001,120,2023,4,Run 1,62c656b5-96e2-46df-8966-8a2d17f49e37
A001,120,2024,4,Run 1,62c656b5-96e2-46df-8966-8a2d17f49e37
A001,120,2025,4,Run 1,62c656b5-96e2-46df-8966-8a2d17f49e37
A001,120,2026,4,Run 1,62c656b5-96e2-46df-8966-8a2d17f49e37
A001,120,2027,4,Run 1,62c656b5-96e2-46df-8966-8a2d17f49e37
A001,120,2028,4,Run 1,62c656b5-96e2-46df-8966-8a2d17f49e37
A001,120,2029,5,Run 1,62c656b5-96e2-46df-8966-8a2d17f49e37
A001,120,2030,5,Run 1,62c656b5-96e2-46df-8966-8a2d17f49e37
A001,120,2031,5,Run 1,62c656b5-96e2-46df-8966-8a2d17f49e37
A001,120,2032,5,Run 1,62c656b5-96e2-46df-8966-8a2d17f49e37
A001,121,2023,4,Run 1,3b2498f4-7d24-44d0-85b0-4e47af5b062a
A001,121,2024,4,Run 1,3b2498f4-7d24-44d0-85b0-4e47af5b062a
A001,121,2025,4,Run 1,3b2498f4-7d24-44d0-85b0-4e47af5b062a
A001,121,2026,4,Run 1,3b2498f4-7d24-44d0-85b0-4e47af5b062a
A001,121,2027,4,Run 1,3b2498f4-7d24-44d0-85b0-4e47af5b062a
A001,121,2028,4,Run 1,3b2498f4-7d24-44d0-85b0-4e47af5b062a
A001,121,2029,4,Run 1,3b2498f4-7d24-44d0-85b0-4e47af5b062a
A001,121,2030,4,Run 1,3b2498f4-7d24-44d0-85b0-4e47af5b062a
A001,121,2031,4,Run 1,3b2498f4-7d24-44d0-85b0-4e47af5b062a
A001,121,2032,4,Run 1,3b2498f4-7d24-44d0-85b0-4e47af5b062a
A001,13,2023,1,Run 1,ddc63f40-705b-44b6-91be-2e0db42f4e4a
A001,13,2024,1,Run 1,ddc63f40-705b-44b6-91be-2e0db42f4e4a
A001,13,2025,1,Run 1,ddc63f40-705b-44b6-91be-2e0db42f4e4a
A001,13,2026,1,Run 1,ddc63f40-705b-44b6-91be-2e0db42f4e4a
A001,13,2027,1,Run 1,ddc63f40-705b-44b6-91be-2e0db42f4e4a
A001,13,2028,1,Run 1,ddc63f40-705b-44b6-91be-2e0db42f4e4a
A001,13,2029,1,Run 1,ddc63f40-705b-44b6-91be-2e0db42f4e4a
A001,13,2030,1,Run 1,ddc63f40-705b-44b6-91be-2e0db42f4e4a
A001,13,2031,1,Run 1,ddc63f40-705b-44b6-91be-2e0db42f4e4a
A001,13,2032,1,Run 1,ddc63f40-705b-44b6-91be-2e0db42f4e4a
A001,14,2023,1,Run 1,1d31e644-858d-4cf6-a8be-48bf6cdbec8d
A001,14,2024,1,Run 1,1d31e644-858d-4cf6-a8be-48bf6cdbec8d
A001,14,2025,1,Run 1,1d31e644-858d-4cf6-a8be-48bf6cdbec8d
A001,14,2026,2,Run 1,1d31e644-858d-4cf6-a8be-48bf6cdbec8d
A001,14,2027,2,Run 1,1d31e644-858d-4cf6-a8be-48bf6cdbec8d
A001,14,2028,2,Run 1,1d31e644-858d-4cf6-a8be-48bf6cdbec8d
A001,14,2029,2,Run 1,1d31e644-858d-4cf6-a8be-48bf6cdbec8d
A001,14,2030,3,Run 1,1d31e644-858d-4cf6-a8be-48bf6cdbec8d
A001,14,2031,3,Run 1,1d31e644-858d-4cf6-a8be-48bf6cdbec8d
A001,14,2032,3,Run 1,1d31e644-858d-4cf6-a8be-48bf6cdbec8d
A001,15,2023,3,Run 1,e7ec4b70-ac1f-450e-9861-fc70cb2f6105
A001,15,2024,3,Run 1,e7ec4b70-ac1f-450e-9861-fc70cb2f6105
A001,15,2025,3,Run 1,e7ec4b70-ac1f-450e-9861-fc70cb2f6105
A001,15,2026,3,Run 1,e7ec4b70-ac1f-450e-9861-fc70cb2f6105
A001,15,2027,3,Run 1,e7ec4b70-ac1f-450e-9861-fc70cb2f6105
A001,15,2028,3,Run 1,e7ec4b70-ac1f-450e-9861-fc70cb2f6105
A001,15,2029,3,Run 1,e7ec4b70-ac1f-450e-9861-fc70cb2f6105
A001,15,2030,3,Run 1,e7ec4b70-ac1f-450e-9861-fc70cb2f6105
A001,15,2031,4,Run 1,e7ec4b70-ac1f-450e-9861-fc70cb2f6105
A001,15,2032,4,Run 1,e7ec4b70-ac1f-450e-9861-fc70cb2f6105
A001,16,2023,9,Run 1,ff0315eb-32fd-418b-8418-dd62f4dcedc8
A001,16,2024,9,Run 1,ff0315eb-32fd-418b-8418-dd62f4dcedc8
A001,16,2025,9,Run 1,ff0315eb-32fd-418b-8418-dd62f4dcedc8
A001,16,2026,9,Run 1,ff0315eb-32fd-418b-8418-dd62f4dcedc8
A001,16,2027,9,Run 1,ff0315eb-32fd-418b-8418-dd62f4dcedc8
A001,16,2028,9,Run 1,ff0315eb-32fd-418b-8418-dd62f4dcedc8
A001,16,2029,9,Run 1,ff0315eb-32fd-418b-8418-dd62f4dcedc8
A001,16,2030,9,Run 1,ff0315eb-32fd-418b-8418-dd62f4dcedc8
A001,16,2031,9,Run 1,ff0315eb-32fd-418b-8418-dd62f4dcedc8
A001,16,2032,9,Run 1,ff0315eb-32fd-418b-8418-dd62f4dcedc8
A001,17,2023,3,Run 1,3a222676-1c31-45a8-a3c2-edaf3491b852
A001,17,2024,4,Run 1,3a222676-1c31-45a8-a3c2-edaf3491b852
A001,17,2025,4,Run 1,3a222676-1c31-45a8-a3c2-edaf3491b852
A001,17,2026,4,Run 1,3a222676-1c31-45a8-a3c2-edaf3491b852
A001,17,2027,4,Run 1,3a222676-1c31-45a8-a3c2-edaf3491b852
A001,17,2028,4,Run 1,3a222676-1c31-45a8-a3c2-edaf3491b852
A001,17,2029,4,Run 1,3a222676-1c31-45a8-a3c2-edaf3491b852
A001,17,2030,5,Run 1,3a222676-1c31-45a8-a3c2-edaf3491b852
A001,17,2031,5,Run 1,3a222676-1c31-45a8-a3c2-edaf3491b852
A001,17,2032,4,Run 1,3a222676-1c31-45a8-a3c2-edaf3491b852
A001,18,2023,1,Run 1,6c8ca050-a9b6-4748-b4d1-208b834a23c4
A001,18,2024,1,Run 1,6c8ca050-a9b6-4748-b4d1-208b834a23c4
A001,18,2025,1,Run 1,6c8ca050-a9b6-4748-b4d1-208b834a23c4
A001,18,2026,1,Run 1,6c8ca050-a9b6-4748-b4d1-208b834a23c4
A001,18,2027,1,Run 1,6c8ca050-a9b6-4748-b4d1-208b834a23c4
A001,18,2028,1,Run 1,6c8ca050-a9b6-4748-b4d1-208b834a23c4
A001,18,2029,1,Run 1,6c8ca050-a9b6-4748-b4d1-208b834a23c4
A001,18,2030,1,Run 1,6c8ca050-a9b6-4748-b4d1-208b834a23c4
A001,18,2031,1,Run 1,6c8ca050-a9b6-4748-b4d1-208b834a23c4
A001,18,2032,2,Run 1,6c8ca050-a9b6-4748-b4d1-208b834a23c4
A001,19,2023,4,Run 1,17b9b1b1-6f15-44b0-adb0-93b9bcba199d
A001,19,2024,4,Run 1,17b9b1b1-6f15-44b0-adb0-93b9bcba199d
A001,19,2025,4,Run 1,17b9b1b1-6f15-44b0-adb0-93b9bcba199d
A001,19,2026,4,Run 1,17b9b1b1-6f15-44b0-adb0-93b9bcba199d
A001,19,2027,4,Run 1,17b9b1b1-6f15-44b0-adb0-93b9bcba199d
A001,19,2028,5,Run 1,17b9b1b1-6f15-44b0-adb0-93b9bcba199d
A001,19,2029,5,Run 1,17b9b1b1-6f15-44b0-adb0-93b9bcba199d
A001,19,2030,5,Run 1,17b9b1b1-6f15-44b0-adb0-93b9bcba199d
A001,19,2031,5,Run 1,17b9b1b1-6f15-44b0-adb0-93b9bcba199d
A001,19,2032,5,Run 1,17b9b1b1-6f15-44b0-adb0-93b9bcba199d
A001,2,2023,1,Run 1,159073b4-aad2-40b7-84e9-566a1c9db592
A001,2,2024,1,Run 1,159073b4-aad2-40b7-84e9-566a1c9db592
A001,2,2025,1,Run 1,159073b4-aad2-40b7-84e9-566a1c9db592
A001,2,2026,1,Run 1,159073b4-aad2-40b7-84e9-566a1c9db592
A001,2,2027,1,Run 1,159073b4-aad2-40b7-84e9-566a1c9db592
A001,2,2028,1,Run 1,159073b4-aad2-40b7-84e9-566a1c9db592
A001,2,2029,1,Run 1,159073b4-aad2-40b7-84e9-566a1c9db592
A001,2,2030,1,Run 1,159073b4-aad2-40b7-84e9-566a1c9db592
A001,2,2031,2,Run 1,159073b4-aad2-40b7-84e9-566a1c9db592
A001,2,2032,2,Run 1,159073b4-aad2-40b7-84e9-566a1c9db592
A001,20,2023,4,Run 1,4415f419-af56-42c3-b5b4-3ce632b1f235
A001,20,2024,4,Run 1,4415f419-af56-42c3-b5b4-3ce632b1f235
A001,20,2025,4,Run 1,4415f419-af56-42c3-b5b4-3ce632b1f235
A001,20,2026,4,Run 1,4415f419-af56-42c3-b5b4-3ce632b1f235
A001,20,2027,4,Run 1,4415f419-af56-42c3-b5b4-3ce632b1f235
A001,20,2028,4,Run 1,4415f419-af56-42c3-b5b4-3ce632b1f235
A001,20,2029,4,Run 1,4415f419-af56-42c3-b5b4-3ce632b1f235
A001,20,2030,4,Run 1,4415f419-af56-42c3-b5b4-3ce632b1f235
A001,20,2031,4,Run 1,4415f419-af56-42c3-b5b4-3ce632b1f235
A001,20,2032,4,Run 1,4415f419-af56-42c3-b5b4-3ce632b1f235
A001,21,2023,10,Run 1,8f939cec-d498-4ab1-92d6-b35bb4c32799
A001,21,2024,10,Run 1,8f939cec-d498-4ab1-92d6-b35bb4c32799
A001,21,2025,10,Run 1,8f939cec-d498-4ab1-92d6-b35bb4c32799
A001,21,2026,10,Run 1,8f939cec-d498-4ab1-92d6-b35bb4c32799
A001,21,2027,11,Run 1,8f939cec-d498-4ab1-92d6-b35bb4c32799
A001,21,2028,11,Run 1,8f939cec-d498-4ab1-92d6-b35bb4c32799
A001,21,2029,11,Run 1,8f939cec-d498-4ab1-92d6-b35bb4c32799
A001,21,2030,11,Run 1,8f939cec-d498-4ab1-92d6-b35bb4c32799
A001,21,2031,11,Run 1,8f939cec-d498-4ab1-92d6-b35bb4c32799
A001,21,2032,12,Run 1,8f939cec-d498-4ab1-92d6-b35bb4c32799
A001,22,2023,4,Run 1,37230c02-5da8-4f89-a635-35d9a0d16975
A001,22,2024,4,Run 1,37230c02-5da8-4f89-a635-35d9a0d16975
A001,22,2025,5,Run 1,37230c02-5da8-4f89-a635-35d9a0d16975
A001,22,2026,5,Run 1,37230c02-5da8-4f89-a635-35d9a0d16975
A001,22,2027,5,Run 1,37230c02-5da8-4f89-a635-35d9a0d16975
A001,22,2028,6,Run 1,37230c02-5da8-4f89-a635-35d9a0d16975
A001,22,2029,6,Run 1,37230c02-5da8-4f89-a635-35d9a0d16975
A001,22,2030,6,Run 1,37230c02-5da8-4f89-a635-35d9a0d16975
A001,22,2031,6,Run 1,37230c02-5da8-4f89-a635-35d9a0d16975
A001,22,2032,6,Run 1,37230c02-5da8-4f89-a635-35d9a0d16975
A001,23,2023,7,Run 1,0d9e8237-41c0-4b36-8034-7d161e35c450
A001,23,2024,7,Run 1,0d9e8237-41c0-4b36-8034-7d161e35c450
A001,23,2025,7,Run 1,0d9e8237-41c0-4b36-8034-7d161e35c450
A001,23,2026,7,Run 1,0d9e8237-41c0-4b36-8034-7d161e35c450
A001,23,2027,7,Run 1,0d9e8237-41c0-4b36-8034-7d161e35c450
A001,23,2028,7,Run 1,0d9e8237-41c0-4b36-8034-7d161e35c450
A001,23,2029,7,Run 1,0d9e8237-41c0-4b36-8034-7d161e35c450
A001,23,2030,7,Run 1,0d9e8237-41c0-4b36-8034-7d161e35c450
A001,23,2031,7,Run 1,0d9e8237-41c0-4b36-8034-7d161e35c450
A001,23,2032,7,Run 1,0d9e8237-41c0-4b36-8034-7d161e35c450
A001,24,2023,4,Run 1,6e92ca60-e042-4360-8796-05b86983a819
A001,24,2024,4,Run 1,6e92ca60-e042-4360-8796-05b86983a819
A001,24,2025,4,Run 1,6e92ca60-e042-4360-8796-05b86983a819
A001,24,2026,4,Run 1,6e92ca60-e042-4360-8796-05b86983a819
A001,24,2027,4,Run 1,6e92ca60-e042-4360-8796-05b86983a819
A001,24,2028,4,Run 1,6e92ca60-e042-4360-8796-05b86983a819
A001,24,2029,4,Run 1,6e92ca60-e042-4360-8796-05b86983a819
A001,24,2030,4,Run 1,6e92ca60-e042-4360-8796-05b86983a819
A001,24,2031,4,Run 1,6e92ca60-e042-4360-8796-05b86983a819
A001,24,2032,5,Run 1,6e92ca60-e042-4360-8796-05b86983a819
A001,25,2023,3,Run 1,543666bf-45d6-4173-83d6-20e141aa46c9
A001,25,2024,3,Run 1,543666bf-45d6-4173-83d6-20e141aa46c9
A001,25,2025,3,Run 1,543666bf-45d6-4173-83d6-20e141aa46c9
A001,25,2026,4,Run 1,543666bf-45d6-4173-83d6-20e141aa46c9
A001,25,2027,4,Run 1,543666bf-45d6-4173-83d6-20e141aa46c9
A001,25,2028,4,Run 1,543666bf-45d6-4173-83d6-20e141aa46c9
A001,25,2029,4,Run 1,543666bf-45d6-4173-83d6-20e141aa46c9
A001,25,2030,4,Run 1,543666bf-45d6-4173-83d6-20e141aa46c9
A001,25,2031,4,Run 1,543666bf-45d6-4173-83d6-20e141aa46c9
A001,25,2032,4,Run 1,543666bf-45d6-4173-83d6-20e141aa46c9
A001,26,2023,4,Run 1,84b17f8f-7126-4d18-95f1-2ec2e7be93c1
A001,26,2024,4,Run 1,84b17f8f-7126-4d18-95f1-2ec2e7be93c1
A001,26,2025,4,Run 1,84b17f8f-7126-4d18-95f1-2ec2e7be93c1
A001,26,2026,4,Run 1,84b17f8f-7126-4d18-95f1-2ec2e7be93c1
A001,26,2027,4,Run 1,84b17f8f-7126-4d18-95f1-2ec2e7be93c1
A001,26,2028,4,Run 1,84b17f8f-7126-4d18-95f1-2ec2e7be93c1
A001,26,2029,4,Run 1,84b17f8f-7126-4d18-95f1-2ec2e7be93c1
A001,26,2030,4,Run 1,84b17f8f-7126-4d18-95f1-2ec2e7be93c1
A001,26,2031,4,Run 1,84b17f8f-7126-4d18-95f1-2ec2e7be93c1
A001,26,2032,4,Run 1,84b17f8f-7126-4d18-95f1-2ec2e7be93c1
A001,27,2023,5,Run 1,1979206d-1356-432b-a4dd-2e4f55282831
A001,27,2024,5,Run 1,1979206d-1356-432b-a4dd-2e4f55282831
A001,27,2025,5,Run 1,1979206d-1356-432b-a4dd-2e4f55282831
A001,27,2026,5,Run 1,1979206d-1356-432b-a4dd-2e4f55282831
A001,27,2027,5,Run 1,1979206d-1356-432b-a4dd-2e4f55282831
A001,27,2028,5,Run 1,1979206d-1356-432b-a4dd-2e4f55282831
A001,27,2029,5,Run 1,1979206d-1356-432b-a4dd-2e4f55282831
A001,27,2030,5,Run 1,1979206d-1356-432b-a4dd-2e4f55282831
A001,27,2031,5,Run 1,1979206d-1356-432b-a4dd-2e4f55282831
A001,27,2032,6,Run 1,1979206d-1356-432b-a4dd-2e4f55282831
A001,28,2023,6,Run 1,344298a9-704b-4e50-a1fd-2e2c8f4e9e69
A001,28,2024,5,Run 1,344298a9-704b-4e50-a1fd-2e2c8f4e9e69
A001,28,2025,6,Run 1,344298a9-704b-4e50-a1fd-2e2c8f4e9e69
A001,28,2026,6,Run 1,344298a9-704b-4e50-a1fd-2e2c8f4e9e69
A001,28,2027,6,Run 1,344298a9-704b-4e50-a1fd-2e2c8f4e9e69
A001,28,2028,7,Run 1,344298a9-704b-4e50-a1fd-2e2c8f4e9e69
A001,28,2029,7,Run 1,344298a9-704b-4e50-a1fd-2e2c8f4e9e69
A001,28,2030,7,Run 1,344298a9-704b-4e50-a1fd-2e2c8f4e9e69
A001,28,2031,7,Run 1,344298a9-704b-4e50-a1fd-2e2c8f4e9e69
A001,28,2032,8,Run 1,344298a9-704b-4e50-a1fd-2e2c8f4e9e69
A001,29,2023,3,Run 1,1ca375a0-618f-481d-8233-51dae9d75495
A001,29,2024,3,Run 1,1ca375a0-618f-481d-8233-51dae9d75495
A001,29,2025,3,Run 1,1ca375a0-618f-481d-8233-51dae9d75495
A001,29,2026,3,Run 1,1ca375a0-618f-481d-8233-51dae9d75495
A001,29,2027,3,Run 1,1ca375a0-618f-481d-8233-51dae9d75495
A001,29,2028,3,Run 1,1ca375a0-618f-481d-8233-51dae9d75495
A001,29,2029,3,Run 1,1ca375a0-618f-481d-8233-51dae9d75495
A001,29,2030,3,Run 1,1ca375a0-618f-481d-8233-51dae9d75495
A001,29,2031,4,Run 1,1ca375a0-618f-481d-8233-51dae9d75495
A001,29,2032,4,Run 1,1ca375a0-618f-481d-8233-51dae9d75495
A001,3,2023,2,Run 1,80cc631a-4a9a-48fe-937e-6a683f20425f
A001,3,2024,3,Run 1,80cc631a-4a9a-48fe-937e-6a683f20425f
A001,3,2025,3,Run 1,80cc631a-4a9a-48fe-937e-6a683f20425f
A001,3,2026,3,Run 1,80cc631a-4a9a-48fe-937e-6a683f20425f
A001,3,2027,3,Run 1,80cc631a-4a9a-48fe-937e-6a683f20425f
A001,3,2028,3,Run 1,80cc631a-4a9a-48fe-937e-6a683f20425f
A001,3,2029,4,Run 1,80cc631a-4a9a-48fe-937e-6a683f20425f
A001,3,2030,4,Run 1,80cc631a-4a9a-48fe-937e-6a683f20425f
A001,3,2031,4,Run 1,80cc631a-4a9a-48fe-937e-6a683f20425f
A001,3,2032,4,Run 1,80cc631a-4a9a-48fe-937e-6a683f20425f
A001,30,2023,5,Run 1,5f9bb975-6d3d-49d1-85d3-5bad8cb8ebda
A001,30,2024,5,Run 1,5f9bb975-6d3d-49d1-85d3-5bad8cb8ebda
A001,30,2025,5,Run 1,5f9bb975-6d3d-49d1-85d3-5bad8cb8ebda
A001,30,2026,6,Run 1,5f9bb975-6d3d-49d1-85d3-5bad8cb8ebda
A001,30,2027,6,Run 1,5f9bb975-6d3d-49d1-85d3-5bad8cb8ebda
A001,30,2028,6,Run 1,5f9bb975-6d3d-49d1-85d3-5bad8cb8ebda
A001,30,2029,6,Run 1,5f9bb975-6d3d-49d1-85d3-5bad8cb8ebda
A001,30,2030,6,Run 1,5f9bb975-6d3d-49d1-85d3-5bad8cb8ebda
A001,30,2031,6,Run 1,5f9bb975-6d3d-49d1-85d3-5bad8cb8ebda
A001,30,2032,6,Run 1,5f9bb975-6d3d-49d1-85d3-5bad8cb8ebda
A001,31,2023,3,Run 1,69bcc5be-5cde-4127-84f3-f0184ca76976
A001,31,2024,3,Run 1,69bcc5be-5cde-4127-84f3-f0184ca76976
A001,31,2025,3,Run 1,69bcc5be-5cde-4127-84f3-f0184ca76976
A001,31,2026,3,Run 1,69bcc5be-5cde-4127-84f3-f0184ca76976
A001,31,2027,3,Run 1,69bcc5be-5cde-4127-84f3-f0184ca76976
A001,31,2028,3,Run 1,69bcc5be-5cde-4127-84f3-f0184ca76976
A001,31,2029,3,Run 1,69bcc5be-5cde-4127-84f3-f0184ca76976
A001,31,2030,3,Run 1,69bcc5be-5cde-4127-84f3-f0184ca76976
A001,31,2031,4,Run 1,69bcc5be-5cde-4127-84f3-f0184ca76976
A001,31,2032,4,Run 1,69bcc5be-5cde-4127-84f3-f0184ca76976
A001,32,2023,2,Run 1,af64f139-f5b7-4220-92fc-81fbc64eb82a
A001,32,2024,2,Run 1,af64f139-f5b7-4220-92fc-81fbc64eb82a
A001,32,2025,2,Run 1,af64f139-f5b7-4220-92fc-81fbc64eb82a
A001,32,2026,3,Run 1,af64f139-f5b7-4220-92fc-81fbc64eb82a
A001,32,2027,3,Run 1,af64f139-f5b7-4220-92fc-81fbc64eb82a
A001,32,2028,3,Run 1,af64f139-f5b7-4220-92fc-81fbc64eb82a
A001,32,2029,3,Run 1,af64f139-f5b7-4220-92fc-81fbc64eb82a
A001,32,2030,4,Run 1,af64f139-f5b7-4220-92fc-81fbc64eb82a
A001,32,2031,4,Run 1,af64f139-f5b7-4220-92fc-81fbc64eb82a
A001,32,2032,4,Run 1,af64f139-f5b7-4220-92fc-81fbc64eb82a
A001,33,2023,2,Run 1,0c2365c8-695b-4106-86b4-cfb81407bcc4
A001,33,2024,2,Run 1,0c2365c8-695b-4106-86b4-cfb81407bcc4
A001,33,2025,2,Run 1,0c2365c8-695b-4106-86b4-cfb81407bcc4
A001,33,2026,2,Run 1,0c2365c8-695b-4106-86b4-cfb81407bcc4
A001,33,2027,3,Run 1,0c2365c8-695b-4106-86b4-cfb81407bcc4
A001,33,2028,3,Run 1,0c2365c8-695b-4106-86b4-cfb81407bcc4
A001,33,2029,3,Run 1,0c2365c8-695b-4106-86b4-cfb81407bcc4
A001,33,2030,3,Run 1,0c2365c8-695b-4106-86b4-cfb81407bcc4
A001,33,2031,3,Run 1,0c2365c8-695b-4106-86b4-cfb81407bcc4
A001,33,2032,3,Run 1,0c2365c8-695b-4106-86b4-cfb81407bcc4
A001,34,2023,3,Run 1,95182a3f-b068-452e-90a8-157740caabf6
A001,34,2024,3,Run 1,95182a3f-b068-452e-90a8-157740caabf6
A001,34,2025,3,Run 1,95182a3f-b068-452e-90a8-157740caabf6
A001,34,2026,3,Run 1,95182a3f-b068-452e-90a8-157740caabf6
A001,34,2027,3,Run 1,95182a3f-b068-452e-90a8-157740caabf6
A001,34,2028,4,Run 1,95182a3f-b068-452e-90a8-157740caabf6
A001,34,2029,4,Run 1,95182a3f-b068-452e-90a8-157740caabf6
A001,34,2030,4,Run 1,95182a3f-b068-452e-90a8-157740caabf6
A001,34,2031,4,Run 1,95182a3f-b068-452e-90a8-157740caabf6
A001,34,2032,4,Run 1,95182a3f-b068-452e-90a8-157740caabf6
A001,35,2023,1,Run 1,4c7daa42-2021-418d-bf46-24e972a2bba6
A001,35,2024,1,Run 1,4c7daa42-2021-418d-bf46-24e972a2bba6
A001,35,2025,1,Run 1,4c7daa42-2021-418d-bf46-24e972a2bba6
A001,35,2026,1,Run 1,4c7daa42-2021-418d-bf46-24e972a2bba6
A001,35,2027,1,Run 1,4c7daa42-2021-418d-bf46-24e972a2bba6
A001,35,2028,1,Run 1,4c7daa42-2021-418d-bf46-24e972a2bba6
A001,35,2029,1,Run 1,4c7daa42-2021-418d-bf46-24e972a2bba6
A001,35,2030,1,Run 1,4c7daa42-2021-418d-bf46-24e972a2bba6
A001,35,2031,1,Run 1,4c7daa42-2021-418d-bf46-24e972a2bba6
A001,35,2032,1,Run 1,4c7daa42-2021-418d-bf46-24e972a2bba6
A001,36,2023,15,Run 1,99046b5e-6720-475d-95e9-20aa71bca8d8
A001,36,2024,15,Run 1,99046b5e-6720-475d-95e9-20aa71bca8d8
A001,36,2025,15,Run 1,99046b5e-6720-475d-95e9-20aa71bca8d8
A001,36,2026,15,Run 1,99046b5e-6720-475d-95e9-20aa71bca8d8
A001,36,2027,15,Run 1,99046b5e-6720-475d-95e9-20aa71bca8d8
A001,36,2028,15,Run 1,99046b5e-6720-475d-95e9-20aa71bca8d8
A001,36,2029,15,Run 1,99046b5e-6720-475d-95e9-20aa71bca8d8
A001,36,2030,15,Run 1,99046b5e-6720-475d-95e9-20aa71bca8d8
A001,36,2031,15,Run 1,99046b5e-6720-475d-95e9-20aa71bca8d8
A001,36,2032,15,Run 1,99046b5e-6720-475d-95e9-20aa71bca8d8
A001,37,2023,6,Run 1,2217a9b4-1edb-41c0-8fc7-13771f74d3c4
A001,37,2024,5,Run 1,2217a9b4-1edb-41c0-8fc7-13771f74d3c4
A001,37,2025,6,Run 1,2217a9b4-1edb-41c0-8fc7-13771f74d3c4
A001,37,2026,6,Run 1,2217a9b4-1edb-41c0-8fc7-13771f74d3c4
A001,37,2027,6,Run 1,2217a9b4-1edb-41c0-8fc7-13771f74d3c4
A001,37,2028,6,Run 1,2217a9b4-1edb-41c0-8fc7-13771f74d3c4
A001,37,2029,7,Run 1,2217a9b4-1edb-41c0-8fc7-13771f74d3c4
A001,37,2030,7,Run 1,2217a9b4-1edb-41c0-8fc7-13771f74d3c4
A001,37,2031,7,Run 1,2217a9b4-1edb-41c0-8fc7-13771f74d3c4
A001,37,2032,7,Run 1,2217a9b4-1edb-41c0-8fc7-13771f74d3c4
A001,38,2023,12,Run 1,e3e61ce3-90de-4f5f-923a-b854d289a0b7
A001,38,2024,12,Run 1,e3e61ce3-90de-4f5f-923a-b854d289a0b7
A001,38,2025,13,Run 1,e3e61ce3-90de-4f5f-923a-b854d289a0b7
A001,38,2026,13,Run 1,e3e61ce3-90de-4f5f-923a-b854d289a0b7
A001,38,2027,13,Run 1,e3e61ce3-90de-4f5f-923a-b854d289a0b7
A001,38,2028,13,Run 1,e3e61ce3-90de-4f5f-923a-b854d289a0b7
A001,38,2029,14,Run 1,e3e61ce3-90de-4f5f-923a-b854d289a0b7
A001,38,2030,14,Run 1,e3e61ce3-90de-4f5f-923a-b854d289a0b7
A001,38,2031,14,Run 1,e3e61ce3-90de-4f5f-923a-b854d289a0b7
A001,38,2032,14,Run 1,e3e61ce3-90de-4f5f-923a-b854d289a0b7
A001,39,2023,5,Run 1,fff5b520-3095-4c64-820c-76a09110d5ab
A001,39,2024,6,Run 1,fff5b520-3095-4c64-820c-76a09110d5ab
A001,39,2025,6,Run 1,fff5b520-3095-4c64-820c-76a09110d5ab
A001,39,2026,7,Run 1,fff5b520-3095-4c64-820c-76a09110d5ab
A001,39,2027,7,Run 1,fff5b520-3095-4c64-820c-76a09110d5ab
A001,39,2028,7,Run 1,fff5b520-3095-4c64-820c-76a09110d5ab
A001,39,2029,8,Run 1,fff5b520-3095-4c64-820c-76a09110d5ab
A001,39,2030,8,Run 1,fff5b520-3095-4c64-820c-76a09110d5ab
A001,39,2031,9,Run 1,fff5b520-3095-4c64-820c-76a09110d5ab
A001,39,2032,9,Run 1,fff5b520-3095-4c64-820c-76a09110d5ab
A001,4,2023,5,Run 1,8d1fb5db-f8b9-4d06-97e4-a61beb04d995
A001,4,2024,5,Run 1,8d1fb5db-f8b9-4d06-97e4-a61beb04d995
A001,4,2025,5,Run 1,8d1fb5db-f8b9-4d06-97e4-a61beb04d995
A001,4,2026,5,Run 1,8d1fb5db-f8b9-4d06-97e4-a61beb04d995
A001,4,2027,5,Run 1,8d1fb5db-f8b9-4d06-97e4-a61beb04d995
A001,4,2028,5,Run 1,8d1fb5db-f8b9-4d06-97e4-a61beb04d995
A001,4,2029,5,Run 1,8d1fb5db-f8b9-4d06-97e4-a61beb04d995
A001,4,2030,5,Run 1,8d1fb5db-f8b9-4d06-97e4-a61beb04d995
A001,4,2031,5,Run 1,8d1fb5db-f8b9-4d06-97e4-a61beb04d995
A001,4,2032,6,Run 1,8d1fb5db-f8b9-4d06-97e4-a61beb04d995
A001,40,2023,4,Run 1,795a02bb-21d5-4760-bff1-0100d8844f79
A001,40,2024,5,Run 1,795a02bb-21d5-4760-bff1-0100d8844f79
A001,40,2025,5,Run 1,795a02bb-21d5-4760-bff1-0100d8844f79
A001,40,2026,4,Run 1,795a02bb-21d5-4760-bff1-0100d8844f79
A001,40,2027,5,Run 1,795a02bb-21d5-4760-bff1-0100d8844f79
A001,40,2028,5,Run 1,795a02bb-21d5-4760-bff1-0100d8844f79
A001,40,2029,5,Run 1,795a02bb-21d5-4760-bff1-0100d8844f79
A001,40,2030,5,Run 1,795a02bb-21d5-4760-bff1-0100d8844f79
A001,40,2031,5,Run 1,795a02bb-21d5-4760-bff1-0100d8844f79
A001,40,2032,5,Run 1,795a02bb-21d5-4760-bff1-0100d8844f79
A001,41,2023,6,Run 1,5231b569-7805-47f4-b7ce-5682471b7b4a
A001,41,2024,6,Run 1,5231b569-7805-47f4-b7ce-5682471b7b4a
A001,41,2025,6,Run 1,5231b569-7805-47f4-b7ce-5682471b7b4a
A001,41,2026,7,Run 1,5231b569-7805-47f4-b7ce-5682471b7b4a
A001,41,2027,7,Run 1,5231b569-7805-47f4-b7ce-5682471b7b4a
A001,41,2028,7,Run 1,5231b569-7805-47f4-b7ce-5682471b7b4a
A001,41,2029,7,Run 1,5231b569-7805-47f4-b7ce-5682471b7b4a
A001,41,2030,8,Run 1,5231b569-7805-47f4-b7ce-5682471b7b4a
A001,41,2031,8,Run 1,5231b569-7805-47f4-b7ce-5682471b7b4a
A001,41,2032,8,Run 1,5231b569-7805-47f4-b7ce-5682471b7b4a
A001,42,2023,1,Run 1,00d27918-b766-4d97-a8cc-2c937e0f3f9e
A001,42,2024,1,Run 1,00d27918-b766-4d97-a8cc-2c937e0f3f9e
A001,42,2025,1,Run 1,00d27918-b766-4d97-a8cc-2c937e0f3f9e
A001,42,2026,1,Run 1,00d27918-b766-4d97-a8cc-2c937e0f3f9e
A001,42,2027,1,Run 1,00d27918-b766-4d97-a8cc-2c937e0f3f9e
A001,42,2028,2,Run 1,00d27918-b766-4d97-a8cc-2c937e0f3f9e
A001,42,2029,2,Run 1,00d27918-b766-4d97-a8cc-2c937e0f3f9e
A001,42,2030,2,Run 1,00d27918-b766-4d97-a8cc-2c937e0f3f9e
A001,42,2031,2,Run 1,00d27918-b766-4d97-a8cc-2c937e0f3f9e
A001,42,2032,3,Run 1,00d27918-b766-4d97-a8cc-2c937e0f3f9e
A001,43,2023,9,Run 1,4a5491e1-714e-4d8b-b79b-25a1783de0c1
A001,43,2024,9,Run 1,4a5491e1-714e-4d8b-b79b-25a1783de0c1
A001,43,2025,9,Run 1,4a5491e1-714e-4d8b-b79b-25a1783de0c1
A001,43,2026,11,Run 1,4a5491e1-714e-4d8b-b79b-25a1783de0c1
A001,43,2027,10,Run 1,4a5491e1-714e-4d8b-b79b-25a1783de0c1
A001,43,2028,10,Run 1,4a5491e1-714e-4d8b-b79b-25a1783de0c1
A001,43,2029,10,Run 1,4a5491e1-714e-4d8b-b79b-25a1783de0c1
A001,43,2030,10,Run 1,4a5491e1-714e-4d8b-b79b-25a1783de0c1
A001,43,2031,10,Run 1,4a5491e1-714e-4d8b-b79b-25a1783de0c1
A001,43,2032,11,Run 1,4a5491e1-714e-4d8b-b79b-25a1783de0c1
A001,44,2023,5,Run 1,f227955c-58f9-48f3-90e5-3283591ae198
A001,44,2024,5,Run 1,f227955c-58f9-48f3-90e5-3283591ae198
A001,44,2025,6,Run 1,f227955c-58f9-48f3-90e5-3283591ae198
A001,44,2026,6,Run 1,f227955c-58f9-48f3-90e5-3283591ae198
A001,44,2027,6,Run 1,f227955c-58f9-48f3-90e5-3283591ae198
A001,44,2028,6,Run 1,f227955c-58f9-48f3-90e5-3283591ae198
A001,44,2029,6,Run 1,f227955c-58f9-48f3-90e5-3283591ae198
A001,44,2030,7,Run 1,f227955c-58f9-48f3-90e5-3283591ae198
A001,44,2031,7,Run 1,f227955c-58f9-48f3-90e5-3283591ae198
A001,44,2032,7,Run 1,f227955c-58f9-48f3-90e5-3283591ae198
A001,45,2023,9,Run 1,f3dae74c-3681-49bb-8b71-f575a9855192
A001,45,2024,10,Run 1,f3dae74c-3681-49bb-8b71-f575a9855192
A001,45,2025,10,Run 1,f3dae74c-3681-49bb-8b71-f575a9855192
A001,45,2026,10,Run 1,f3dae74c-3681-49bb-8b71-f575a9855192
A001,45,2027,10,Run 1,f3dae74c-3681-49bb-8b71-f575a9855192
A001,45,2028,10,Run 1,f3dae74c-3681-49bb-8b71-f575a9855192
A001,45,2029,10,Run 1,f3dae74c-3681-49bb-8b71-f575a9855192
A001,45,2030,10,Run 1,f3dae74c-3681-49bb-8b71-f575a9855192
A001,45,2031,10,Run 1,f3dae74c-3681-49bb-8b71-f575a9855192
A001,45,2032,11,Run 1,f3dae74c-3681-49bb-8b71-f575a9855192
A001,46,2023,2,Run 1,77b712e8-31c9-4ec0-8549-3668d789565b
A001,46,2024,3,Run 1,77b712e8-31c9-4ec0-8549-3668d789565b
A001,46,2025,3,Run 1,77b712e8-31c9-4ec0-8549-3668d789565b
A001,46,2026,3,Run 1,77b712e8-31c9-4ec0-8549-3668d789565b
A001,46,2027,3,Run 1,77b712e8-31c9-4ec0-8549-3668d789565b
A001,46,2028,3,Run 1,77b712e8-31c9-4ec0-8549-3668d789565b
A001,46,2029,3,Run 1,77b712e8-31c9-4ec0-8549-3668d789565b
A001,46,2030,4,Run 1,77b712e8-31c9-4ec0-8549-3668d789565b
A001,46,2031,4,Run 1,77b712e8-31c9-4ec0-8549-3668d789565b
A001,46,2032,4,Run 1,77b712e8-31c9-4ec0-8549-3668d789565b
A001,47,2023,6,Run 1,33111ac3-3282-457c-a232-107bcc176ce1
A001,47,2024,6,Run 1,33111ac3-3282-457c-a232-107bcc176ce1
A001,47,2025,6,Run 1,33111ac3-3282-457c-a232-107bcc176ce1
A001,47,2026,6,Run 1,33111ac3-3282-457c-a232-107bcc176ce1
A001,47,2027,6,Run 1,33111ac3-3282-457c-a232-107bcc176ce1
A001,47,2028,6,Run 1,33111ac3-3282-457c-a232-107bcc176ce1
A001,47,2029,6,Run 1,33111ac3-3282-457c-a232-107bcc176ce1
A001,47,2030,7,Run 1,33111ac3-3282-457c-a232-107bcc176ce1
A001,47,2031,7,Run 1,33111ac3-3282-457c-a232-107bcc176ce1
A001,47,2032,7,Run 1,33111ac3-3282-457c-a232-107bcc176ce1
A001,48,2023,11,Run 1,5af9d28b-19a6-4721-b0be-57f2921f1162
A001,48,2024,11,Run 1,5af9d28b-19a6-4721-b0be-57f2921f1162
A001,48,2025,11,Run 1,5af9d28b-19a6-4721-b0be-57f2921f1162
A001,48,2026,12,Run 1,5af9d28b-19a6-4721-b0be-57f2921f1162
A001,48,2027,12,Run 1,5af9d28b-19a6-4721-b0be-57f2921f1162
A001,48,2028,13,Run 1,5af9d28b-19a6-4721-b0be-57f2921f1162
A001,48,2029,13,Run 1,5af9d28b-19a6-4721-b0be-57f2921f1162
A001,48,2030,13,Run 1,5af9d28b-19a6-4721-b0be-57f2921f1162
A001,48,2031,14,Run 1,5af9d28b-19a6-4721-b0be-57f2921f1162
A001,48,2032,14,Run 1,5af9d28b-19a6-4721-b0be-57f2921f1162
A001,49,2023,11,Run 1,d2390660-b331-452e-9ebc-1fbe3cc7671f
A001,49,2024,11,Run 1,d2390660-b331-452e-9ebc-1fbe3cc7671f
A001,49,2025,12,Run 1,d2390660-b331-452e-9ebc-1fbe3cc7671f
A001,49,2026,12,Run 1,d2390660-b331-452e-9ebc-1fbe3cc7671f
A001,49,2027,13,Run 1,d2390660-b331-452e-9ebc-1fbe3cc7671f
A001,49,2028,13,Run 1,d2390660-b331-452e-9ebc-1fbe3cc7671f
A001,49,2029,13,Run 1,d2390660-b331-452e-9ebc-1fbe3cc7671f
A001,49,2030,14,Run 1,d2390660-b331-452e-9ebc-1fbe3cc7671f
A001,49,2031,14,Run 1,d2390660-b331-452e-9ebc-1fbe3cc7671f
A001,49,2032,14,Run 1,d2390660-b331-452e-9ebc-1fbe3cc7671f
A001,5,2023,5,Run 1,24bd5fc7-68f9-4b14-a2e9-7039fcce4d0e
A001,5,2024,5,Run 1,24bd5fc7-68f9-4b14-a2e9-7039fcce4d0e
A001,5,2025,5,Run 1,24bd5fc7-68f9-4b14-a2e9-7039fcce4d0e
A001,5,2026,6,Run 1,24bd5fc7-68f9-4b14-a2e9-7039fcce4d0e
A001,5,2027,6,Run 1,24bd5fc7-68f9-4b14-a2e9-7039fcce4d0e
A001,5,2028,6,Run 1,24bd5fc7-68f9-4b14-a2e9-7039fcce4d0e
A001,5,2029,6,Run 1,24bd5fc7-68f9-4b14-a2e9-7039fcce4d0e
A001,5,2030,6,Run 1,24bd5fc7-68f9-4b14-a2e9-7039fcce4d0e
A001,5,2031,6,Run 1,24bd5fc7-68f9-4b14-a2e9-7039fcce4d0e
A001,5,2032,6,Run 1,24bd5fc7-68f9-4b14-a2e9-7039fcce4d0e
A001,50,2023,3,Run 1,7a8114b1-1de9-4aca-8644-bd5febe408d2
A001,50,2024,4,Run 1,7a8114b1-1de9-4aca-8644-bd5febe408d2
A001,50,2025,4,Run 1,7a8114b1-1de9-4aca-8644-bd5febe408d2
A001,50,2026,4,Run 1,7a8114b1-1de9-4aca-8644-bd5febe408d2
A001,50,2027,4,Run 1,7a8114b1-1de9-4aca-8644-bd5febe408d2
A001,50,2028,4,Run 1,7a8114b1-1de9-4aca-8644-bd5febe408d2
A001,50,2029,4,Run 1,7a8114b1-1de9-4aca-8644-bd5febe408d2
A001,50,2030,5,Run 1,7a8114b1-1de9-4aca-8644-bd5febe408d2
A001,50,2031,5,Run 1,7a8114b1-1de9-4aca-8644-bd5febe408d2
A001,50,2032,5,Run 1,7a8114b1-1de9-4aca-8644-bd5febe408d2
A001,51,2023,6,Run 1,7aa3851a-5db3-41d4-b1c4-03d59d0ae5b3
A001,51,2024,7,Run 1,7aa3851a-5db3-41d4-b1c4-03d59d0ae5b3
A001,51,2025,7,Run 1,7aa3851a-5db3-41d4-b1c4-03d59d0ae5b3
A001,51,2026,8,Run 1,7aa3851a-5db3-41d4-b1c4-03d59d0ae5b3
A001,51,2027,8,Run 1,7aa3851a-5db3-41d4-b1c4-03d59d0ae5b3
A001,51,2028,8,Run 1,7aa3851a-5db3-41d4-b1c4-03d59d0ae5b3
A001,51,2029,9,Run 1,7aa3851a-5db3-41d4-b1c4-03d59d0ae5b3
A001,51,2030,9,Run 1,7aa3851a-5db3-41d4-b1c4-03d59d0ae5b3
A001,51,2031,10,Run 1,7aa3851a-5db3-41d4-b1c4-03d59d0ae5b3
A001,51,2032,10,Run 1,7aa3851a-5db3-41d4-b1c4-03d59d0ae5b3
A001,52,2023,4,Run 1,06f4ba4e-6259-47d1-a601-7d23cb31307d
A001,52,2024,4,Run 1,06f4ba4e-6259-47d1-a601-7d23cb31307d
A001,52,2025,4,Run 1,06f4ba4e-6259-47d1-a601-7d23cb31307d
A001,52,2026,4,Run 1,06f4ba4e-6259-47d1-a601-7d23cb31307d
A001,52,2027,4,Run 1,06f4ba4e-6259-47d1-a601-7d23cb31307d
A001,52,2028,4,Run 1,06f4ba4e-6259-47d1-a601-7d23cb31307d
A001,52,2029,4,Run 1,06f4ba4e-6259-47d1-a601-7d23cb31307d
A001,52,2030,4,Run 1,06f4ba4e-6259-47d1-a601-7d23cb31307d
A001,52,2031,4,Run 1,06f4ba4e-6259-47d1-a601-7d23cb31307d
A001,52,2032,4,Run 1,06f4ba4e-6259-47d1-a601-7d23cb31307d
A001,53,2023,4,Run 1,cd5bd3b3-c7b9-49ff-92ad-23d9f9500e81
A001,53,2024,4,Run 1,cd5bd3b3-c7b9-49ff-92ad-23d9f9500e81
A001,53,2025,4,Run 1,cd5bd3b3-c7b9-49ff-92ad-23d9f9500e81
A001,53,2026,4,Run 1,cd5bd3b3-c7b9-49ff-92ad-23d9f9500e81
A001,53,2027,4,Run 1,cd5bd3b3-c7b9-49ff-92ad-23d9f9500e81
A001,53,2028,4,Run 1,cd5bd3b3-c7b9-49ff-92ad-23d9f9500e81
A001,53,2029,4,Run 1,cd5bd3b3-c7b9-49ff-92ad-23d9f9500e81
A001,53,2030,4,Run 1,cd5bd3b3-c7b9-49ff-92ad-23d9f9500e81
A001,53,2031,5,Run 1,cd5bd3b3-c7b9-49ff-92ad-23d9f9500e81
A001,53,2032,5,Run 1,cd5bd3b3-c7b9-49ff-92ad-23d9f9500e81
A001,54,2023,4,Run 1,ef8b54d5-c5cd-4328-9021-9d5f166c2cc6
A001,54,2024,4,Run 1,ef8b54d5-c5cd-4328-9021-9d5f166c2cc6
A001,54,2025,4,Run 1,ef8b54d5-c5cd-4328-9021-9d5f166c2cc6
A001,54,2026,4,Run 1,ef8b54d5-c5cd-4328-9021-9d5f166c2cc6
A001,54,2027,4,Run 1,ef8b54d5-c5cd-4328-9021-9d5f166c2cc6
A001,54,2028,4,Run 1,ef8b54d5-c5cd-4328-9021-9d5f166c2cc6
A001,54,2029,4,Run 1,ef8b54d5-c5cd-4328-9021-9d5f166c2cc6
A001,54,2030,4,Run 1,ef8b54d5-c5cd-4328-9021-9d5f166c2cc6
A001,54,2031,4,Run 1,ef8b54d5-c5cd-4328-9021-9d5f166c2cc6
A001,54,2032,4,Run 1,ef8b54d5-c5cd-4328-9021-9d5f166c2cc6
A001,55,2023,5,Run 1,24b107f2-5ff7-429c-a0e9-fcbabf9d4bbb
A001,55,2024,5,Run 1,24b107f2-5ff7-429c-a0e9-fcbabf9d4bbb
A001,55,2025,5,Run 1,24b107f2-5ff7-429c-a0e9-fcbabf9d4bbb
A001,55,2026,6,Run 1,24b107f2-5ff7-429c-a0e9-fcbabf9d4bbb
A001,55,2027,6,Run 1,24b107f2-5ff7-429c-a0e9-fcbabf9d4bbb
A001,55,2028,6,Run 1,24b107f2-5ff7-429c-a0e9-fcbabf9d4bbb
A001,55,2029,5,Run 1,24b107f2-5ff7-429c-a0e9-fcbabf9d4bbb
A001,55,2030,5,Run 1,24b107f2-5ff7-429c-a0e9-fcbabf9d4bbb
A001,55,2031,5,Run 1,24b107f2-5ff7-429c-a0e9-fcbabf9d4bbb
A001,55,2032,5,Run 1,24b107f2-5ff7-429c-a0e9-fcbabf9d4bbb
A001,56,2023,3,Run 1,17136ff4-11bd-4cbf-82c7-67b0e121bc6e
A001,56,2024,3,Run 1,17136ff4-11bd-4cbf-82c7-67b0e121bc6e
A001,56,2025,3,Run 1,17136ff4-11bd-4cbf-82c7-67b0e121bc6e
A001,56,2026,3,Run 1,17136ff4-11bd-4cbf-82c7-67b0e121bc6e
A001,56,2027,4,Run 1,17136ff4-11bd-4cbf-82c7-67b0e121bc6e
A001,56,2028,4,Run 1,17136ff4-11bd-4cbf-82c7-67b0e121bc6e
A001,56,2029,4,Run 1,17136ff4-11bd-4cbf-82c7-67b0e121bc6e
A001,56,2030,4,Run 1,17136ff4-11bd-4cbf-82c7-67b0e121bc6e
A001,56,2031,4,Run 1,17136ff4-11bd-4cbf-82c7-67b0e121bc6e
A001,56,2032,4,Run 1,17136ff4-11bd-4cbf-82c7-67b0e121bc6e
A001,57,2023,4,Run 1,5dcf5e43-aaae-4a1a-8f22-658a223ff410
A001,57,2024,4,Run 1,5dcf5e43-aaae-4a1a-8f22-658a223ff410
A001,57,2025,4,Run 1,5dcf5e43-aaae-4a1a-8f22-658a223ff410
A001,57,2026,4,Run 1,5dcf5e43-aaae-4a1a-8f22-658a223ff410
A001,57,2027,4,Run 1,5dcf5e43-aaae-4a1a-8f22-658a223ff410
A001,57,2028,4,Run 1,5dcf5e43-aaae-4a1a-8f22-658a223ff410
A001,57,2029,4,Run 1,5dcf5e43-aaae-4a1a-8f22-658a223ff410
A001,57,2030,4,Run 1,5dcf5e43-aaae-4a1a-8f22-658a223ff410
A001,57,2031,4,Run 1,5dcf5e43-aaae-4a1a-8f22-658a223ff410
A001,57,2032,4,Run 1,5dcf5e43-aaae-4a1a-8f22-658a223ff410
A001,58,2023,3,Run 1,979c38d8-b28b-4a56-9d61-df94cd008446
A001,58,2024,3,Run 1,979c38d8-b28b-4a56-9d61-df94cd008446
A001,58,2025,3,Run 1,979c38d8-b28b-4a56-9d61-df94cd008446
A001,58,2026,3,Run 1,979c38d8-b28b-4a56-9d61-df94cd008446
A001,58,2027,4,Run 1,979c38d8-b28b-4a56-9d61-df94cd008446
A001,58,2028,4,Run 1,979c38d8-b28b-4a56-9d61-df94cd008446
A001,58,2029,4,Run 1,979c38d8-b28b-4a56-9d61-df94cd008446
A001,58,2030,4,Run 1,979c38d8-b28b-4a56-9d61-df94cd008446
A001,58,2031,4,Run 1,979c38d8-b28b-4a56-9d61-df94cd008446
A001,58,2032,4,Run 1,979c38d8-b28b-4a56-9d61-df94cd008446
A001,59,2023,4,Run 1,2ae06b89-a559-46b7-a4fb-1906d9c26abb
A001,59,2024,4,Run 1,2ae06b89-a559-46b7-a4fb-1906d9c26abb
A001,59,2025,4,Run 1,2ae06b89-a559-46b7-a4fb-1906d9c26abb
A001,59,2026,4,Run 1,2ae06b89-a559-46b7-a4fb-1906d9c26abb
A001,59,2027,4,Run 1,2ae06b89-a559-46b7-a4fb-1906d9c26abb
A001,59,2028,4,Run 1,2ae06b89-a559-46b7-a4fb-1906d9c26abb
A001,59,2029,4,Run 1,2ae06b89-a559-46b7-a4fb-1906d9c26abb
A001,59,2030,4,Run 1,2ae06b89-a559-46b7-a4fb-1906d9c26abb
A001,59,2031,4,Run 1,2ae06b89-a559-46b7-a4fb-1906d9c26abb
A001,59,2032,4,Run 1,2ae06b89-a559-46b7-a4fb-1906d9c26abb
A001,6,2023,10,Run 1,2db14d40-63e1-41a5-838a-20066a3966b0
A001,6,2024,11,Run 1,2db14d40-63e1-41a5-838a-20066a3966b0
A001,6,2025,11,Run 1,2db14d40-63e1-41a5-838a-20066a3966b0
A001,6,2026,11,Run 1,2db14d40-63e1-41a5-838a-20066a3966b0
A001,6,2027,11,Run 1,2db14d40-63e1-41a5-838a-20066a3966b0
A001,6,2028,11,Run 1,2db14d40-63e1-41a5-838a-20066a3966b0
A001,6,2029,11,Run 1,2db14d40-63e1-41a5-838a-20066a3966b0
A001,6,2030,12,Run 1,2db14d40-63e1-41a5-838a-20066a3966b0
A001,6,2031,12,Run 1,2db14d40-63e1-41a5-838a-20066a3966b0
A001,6,2032,12,Run 1,2db14d40-63e1-41a5-838a-20066a3966b0
A001,60,2023,4,Run 1,2067452e-3053-4ff7-83c2-fb9f7df934fc
A001,60,2024,4,Run 1,2067452e-3053-4ff7-83c2-fb9f7df934fc
A001,60,2025,4,Run 1,2067452e-3053-4ff7-83c2-fb9f7df934fc
A001,60,2026,4,Run 1,2067452e-3053-4ff7-83c2-fb9f7df934fc
A001,60,2027,4,Run 1,2067452e-3053-4ff7-83c2-fb9f7df934fc
A001,60,2028,4,Run 1,2067452e-3053-4ff7-83c2-fb9f7df934fc
A001,60,2029,4,Run 1,2067452e-3053-4ff7-83c2-fb9f7df934fc
A001,60,2030,4,Run 1,2067452e-3053-4ff7-83c2-fb9f7df934fc
A001,60,2031,4,Run 1,2067452e-3053-4ff7-83c2-fb9f7df934fc
A001,60,2032,4,Run 1,2067452e-3053-4ff7-83c2-fb9f7df934fc
A001,61,2023,5,Run 1,83944c68-2d48-47c4-9716-0ed44e2a4b99
A001,61,2024,4,Run 1,83944c68-2d48-47c4-9716-0ed44e2a4b99
A001,61,2025,4,Run 1,83944c68-2d48-47c4-9716-0ed44e2a4b99
A001,61,2026,4,Run 1,83944c68-2d48-47c4-9716-0ed44e2a4b99
A001,61,2027,4,Run 1,83944c68-2d48-47c4-9716-0ed44e2a4b99
A001,61,2028,4,Run 1,83944c68-2d48-47c4-9716-0ed44e2a4b99
A001,61,2029,4,Run 1,83944c68-2d48-47c4-9716-0ed44e2a4b99
A001,61,2030,4,Run 1,83944c68-2d48-47c4-9716-0ed44e2a4b99
A001,61,2031,4,Run 1,83944c68-2d48-47c4-9716-0ed44e2a4b99
A001,61,2032,4,Run 1,83944c68-2d48-47c4-9716-0ed44e2a4b99
A001,62,2023,4,Run 1,5e3350c1-2491-4295-bb29-bfcf6baf126d
A001,62,2024,4,Run 1,5e3350c1-2491-4295-bb29-bfcf6baf126d
A001,62,2025,4,Run 1,5e3350c1-2491-4295-bb29-bfcf6baf126d
A001,62,2026,4,Run 1,5e3350c1-2491-4295-bb29-bfcf6baf126d
A001,62,2027,4,Run 1,5e3350c1-2491-4295-bb29-bfcf6baf126d
A001,62,2028,4,Run 1,5e3350c1-2491-4295-bb29-bfcf6baf126d
A001,62,2029,4,Run 1,5e3350c1-2491-4295-bb29-bfcf6baf126d
A001,62,2030,4,Run 1,5e3350c1-2491-4295-bb29-bfcf6baf126d
A001,62,2031,4,Run 1,5e3350c1-2491-4295-bb29-bfcf6baf126d
A001,62,2032,4,Run 1,5e3350c1-2491-4295-bb29-bfcf6baf126d
A001,63,2023,3,Run 1,0eb937ee-18f9-4018-accb-670c04655e8b
A001,63,2024,3,Run 1,0eb937ee-18f9-4018-accb-670c04655e8b
A001,63,2025,4,Run 1,0eb937ee-18f9-4018-accb-670c04655e8b
A001,63,2026,4,Run 1,0eb937ee-18f9-4018-accb-670c04655e8b
A001,63,2027,4,Run 1,0eb937ee-18f9-4018-accb-670c04655e8b
A001,63,2028,4,Run 1,0eb937ee-18f9-4018-accb-670c04655e8b
A001,63,2029,4,Run 1,0eb937ee-18f9-4018-accb-670c04655e8b
A001,63,2030,4,Run 1,0eb937ee-18f9-4018-accb-670c04655e8b
A001,63,2031,4,Run 1,0eb937ee-18f9-4018-accb-670c04655e8b
A001,63,2032,4,Run 1,0eb937ee-18f9-4018-accb-670c04655e8b
A001,64,2023,2,Run 1,09e440a7-9701-450c-8c6a-835ed07d0965
A001,64,2024,2,Run 1,09e440a7-9701-450c-8c6a-835ed07d0965
A001,64,2025,3,Run 1,09e440a7-9701-450c-8c6a-835ed07d0965
A001,64,2026,3,Run 1,09e440a7-9701-450c-8c6a-835ed07d0965
A001,64,2027,3,Run 1,09e440a7-9701-450c-8c6a-835ed07d0965
A001,64,2028,3,Run 1,09e440a7-9701-450c-8c6a-835ed07d0965
A001,64,2029,3,Run 1,09e440a7-9701-450c-8c6a-835ed07d0965
A001,64,2030,4,Run 1,09e440a7-9701-450c-8c6a-835ed07d0965
A001,64,2031,4,Run 1,09e440a7-9701-450c-8c6a-835ed07d0965
A001,64,2032,4,Run 1,09e440a7-9701-450c-8c6a-835ed07d0965
A001,65,2023,3,Run 1,2f501c1b-3c94-438a-a5d9-4111334d95f7
A001,65,2024,3,Run 1,2f501c1b-3c94-438a-a5d9-4111334d95f7
A001,65,2025,3,Run 1,2f501c1b-3c94-438a-a5d9-4111334d95f7
A001,65,2026,4,Run 1,2f501c1b-3c94-438a-a5d9-4111334d95f7
A001,65,2027,4,Run 1,2f501c1b-3c94-438a-a5d9-4111334d95f7
A001,65,2028,4,Run 1,2f501c1b-3c94-438a-a5d9-4111334d95f7
A001,65,2029,4,Run 1,2f501c1b-3c94-438a-a5d9-4111334d95f7
A001,65,2030,4,Run 1,2f501c1b-3c94-438a-a5d9-4111334d95f7
A001,65,2031,4,Run 1,2f501c1b-3c94-438a-a5d9-4111334d95f7
A001,65,2032,5,Run 1,2f501c1b-3c94-438a-a5d9-4111334d95f7
A001,66,2023,2,Run 1,ad5065c3-222c-4d79-9a9c-dbfe7548dbcb
A001,66,2024,3,Run 1,ad5065c3-222c-4d79-9a9c-dbfe7548dbcb
A001,66,2025,3,Run 1,ad5065c3-222c-4d79-9a9c-dbfe7548dbcb
A001,66,2026,3,Run 1,ad5065c3-222c-4d79-9a9c-dbfe7548dbcb
A001,66,2027,3,Run 1,ad5065c3-222c-4d79-9a9c-dbfe7548dbcb
A001,66,2028,4,Run 1,ad5065c3-222c-4d79-9a9c-dbfe7548dbcb
A001,66,2029,4,Run 1,ad5065c3-222c-4d79-9a9c-dbfe7548dbcb
A001,66,2030,4,Run 1,ad5065c3-222c-4d79-9a9c-dbfe7548dbcb
A001,66,2031,4,Run 1,ad5065c3-222c-4d79-9a9c-dbfe7548dbcb
A001,66,2032,5,Run 1,ad5065c3-222c-4d79-9a9c-dbfe7548dbcb
A001,67,2023,1,Run 1,7cdccb09-05df-4612-bd07-324d990d1789
A001,67,2024,1,Run 1,7cdccb09-05df-4612-bd07-324d990d1789
A001,67,2025,1,Run 1,7cdccb09-05df-4612-bd07-324d990d1789
A001,67,2026,1,Run 1,7cdccb09-05df-4612-bd07-324d990d1789
A001,67,2027,1,Run 1,7cdccb09-05df-4612-bd07-324d990d1789
A001,67,2028,2,Run 1,7cdccb09-05df-4612-bd07-324d990d1789
A001,67,2029,2,Run 1,7cdccb09-05df-4612-bd07-324d990d1789
A001,67,2030,2,Run 1,7cdccb09-05df-4612-bd07-324d990d1789
A001,67,2031,2,Run 1,7cdccb09-05df-4612-bd07-324d990d1789
A001,67,2032,2,Run 1,7cdccb09-05df-4612-bd07-324d990d1789
A001,68,2023,2,Run 1,958f3bf1-0524-4847-9eff-8dbdbaf023cd
A001,68,2024,2,Run 1,958f3bf1-0524-4847-9eff-8dbdbaf023cd
A001,68,2025,2,Run 1,958f3bf1-0524-4847-9eff-8dbdbaf023cd
A001,68,2026,2,Run 1,958f3bf1-0524-4847-9eff-8dbdbaf023cd
A001,68,2027,3,Run 1,958f3bf1-0524-4847-9eff-8dbdbaf023cd
A001,68,2028,3,Run 1,958f3bf1-0524-4847-9eff-8dbdbaf023cd
A001,68,2029,3,Run 1,958f3bf1-0524-4847-9eff-8dbdbaf023cd
A001,68,2030,3,Run 1,958f3bf1-0524-4847-9eff-8dbdbaf023cd
A001,68,2031,3,Run 1,958f3bf1-0524-4847-9eff-8dbdbaf023cd
A001,68,2032,3,Run 1,958f3bf1-0524-4847-9eff-8dbdbaf023cd
A001,69,2023,2,Run 1,866cfe5b-6921-4e1e-91dc-69a2c624b00b
A001,69,2024,2,Run 1,866cfe5b-6921-4e1e-91dc-69a2c624b00b
A001,69,2025,2,Run 1,866cfe5b-6921-4e1e-91dc-69a2c624b00b
A001,69,2026,3,Run 1,866cfe5b-6921-4e1e-91dc-69a2c624b00b
A001,69,2027,2,Run 1,866cfe5b-6921-4e1e-91dc-69a2c624b00b
A001,69,2028,3,Run 1,866cfe5b-6921-4e1e-91dc-69a2c624b00b
A001,69,2029,3,Run 1,866cfe5b-6921-4e1e-91dc-69a2c624b00b
A001,69,2030,3,Run 1,866cfe5b-6921-4e1e-91dc-69a2c624b00b
A001,69,2031,4,Run 1,866cfe5b-6921-4e1e-91dc-69a2c624b00b
A001,69,2032,4,Run 1,866cfe5b-6921-4e1e-91dc-69a2c624b00b
A001,7,2023,7,Run 1,8fe4c91e-5107-4353-819e-6fd2dffa85fc
A001,7,2024,8,Run 1,8fe4c91e-5107-4353-819e-6fd2dffa85fc
A001,7,2025,8,Run 1,8fe4c91e-5107-4353-819e-6fd2dffa85fc
A001,7,2026,10,Run 1,8fe4c91e-5107-4353-819e-6fd2dffa85fc
A001,7,2027,10,Run 1,8fe4c91e-5107-4353-819e-6fd2dffa85fc
A001,7,2028,10,Run 1,8fe4c91e-5107-4353-819e-6fd2dffa85fc
A001,7,2029,10,Run 1,8fe4c91e-5107-4353-819e-6fd2dffa85fc
A001,7,2030,11,Run 1,8fe4c91e-5107-4353-819e-6fd2dffa85fc
A001,7,2031,11,Run 1,8fe4c91e-5107-4353-819e-6fd2dffa85fc
A001,7,2032,11,Run 1,8fe4c91e-5107-4353-819e-6fd2dffa85fc
A001,70,2023,1,Run 1,69f6761c-dbce-4611-b9fa-1232717a2236
A001,70,2024,1,Run 1,69f6761c-dbce-4611-b9fa-1232717a2236
A001,70,2025,1,Run 1,69f6761c-dbce-4611-b9fa-1232717a2236
A001,70,2026,1,Run 1,69f6761c-dbce-4611-b9fa-1232717a2236
A001,70,2027,1,Run 1,69f6761c-dbce-4611-b9fa-1232717a2236
A001,70,2028,1,Run 1,69f6761c-dbce-4611-b9fa-1232717a2236
A001,70,2029,1,Run 1,69f6761c-dbce-4611-b9fa-1232717a2236
A001,70,2030,1,Run 1,69f6761c-dbce-4611-b9fa-1232717a2236
A001,70,2031,1,Run 1,69f6761c-dbce-4611-b9fa-1232717a2236
A001,70,2032,1,Run 1,69f6761c-dbce-4611-b9fa-1232717a2236
A001,71,2023,2,Run 1,b9e2cc0d-db47-4f51-91b2-8aa4e5f51bdf
A001,71,2024,2,Run 1,b9e2cc0d-db47-4f51-91b2-8aa4e5f51bdf
A001,71,2025,3,Run 1,b9e2cc0d-db47-4f51-91b2-8aa4e5f51bdf
A001,71,2026,3,Run 1,b9e2cc0d-db47-4f51-91b2-8aa4e5f51bdf
A001,71,2027,2,Run 1,b9e2cc0d-db47-4f51-91b2-8aa4e5f51bdf
A001,71,2028,2,Run 1,b9e2cc0d-db47-4f51-91b2-8aa4e5f51bdf
A001,71,2029,3,Run 1,b9e2cc0d-db47-4f51-91b2-8aa4e5f51bdf
A001,71,2030,3,Run 1,b9e2cc0d-db47-4f51-91b2-8aa4e5f51bdf
A001,71,2031,4,Run 1,b9e2cc0d-db47-4f51-91b2-8aa4e5f51bdf
A001,71,2032,4,Run 1,b9e2cc0d-db47-4f51-91b2-8aa4e5f51bdf
A001,72,2023,1,Run 1,50768616-4fca-4099-89b2-dfa571ff47be
A001,72,2024,1,Run 1,50768616-4fca-4099-89b2-dfa571ff47be
A001,72,2025,1,Run 1,50768616-4fca-4099-89b2-dfa571ff47be
A001,72,2026,1,Run 1,50768616-4fca-4099-89b2-dfa571ff47be
A001,72,2027,2,Run 1,50768616-4fca-4099-89b2-dfa571ff47be
A001,72,2028,2,Run 1,50768616-4fca-4099-89b2-dfa571ff47be
A001,72,2029,2,Run 1,50768616-4fca-4099-89b2-dfa571ff47be
A001,72,2030,2,Run 1,50768616-4fca-4099-89b2-dfa571ff47be
A001,72,2031,2,Run 1,50768616-4fca-4099-89b2-dfa571ff47be
A001,72,2032,2,Run 1,50768616-4fca-4099-89b2-dfa571ff47be
A001,73,2023,1,Run 1,cd87ad55-008a-4ce2-8ebd-5cdfcbd27371
A001,73,2024,1,Run 1,cd87ad55-008a-4ce2-8ebd-5cdfcbd27371
A001,73,2025,2,Run 1,cd87ad55-008a-4ce2-8ebd-5cdfcbd27371
A001,73,2026,2,Run 1,cd87ad55-008a-4ce2-8ebd-5cdfcbd27371
A001,73,2027,2,Run 1,cd87ad55-008a-4ce2-8ebd-5cdfcbd27371
A001,73,2028,2,Run 1,cd87ad55-008a-4ce2-8ebd-5cdfcbd27371
A001,73,2029,2,Run 1,cd87ad55-008a-4ce2-8ebd-5cdfcbd27371
A001,73,2030,2,Run 1,cd87ad55-008a-4ce2-8ebd-5cdfcbd27371
A001,73,2031,2,Run 1,cd87ad55-008a-4ce2-8ebd-5cdfcbd27371
A001,73,2032,3,Run 1,cd87ad55-008a-4ce2-8ebd-5cdfcbd27371
A001,74,2023,1,Run 1,65a601a3-8d71-4c8f-b30c-343419760b6d
A001,74,2024,1,Run 1,65a601a3-8d71-4c8f-b30c-343419760b6d
A001,74,2025,1,Run 1,65a601a3-8d71-4c8f-b30c-343419760b6d
A001,74,2026,2,Run 1,65a601a3-8d71-4c8f-b30c-343419760b6d
A001,74,2027,2,Run 1,65a601a3-8d71-4c8f-b30c-343419760b6d
A001,74,2028,2,Run 1,65a601a3-8d71-4c8f-b30c-343419760b6d
A001,74,2029,2,Run 1,65a601a3-8d71-4c8f-b30c-343419760b6d
A001,74,2030,3,Run 1,65a601a3-8d71-4c8f-b30c-343419760b6d
A001,74,2031,3,Run 1,65a601a3-8d71-4c8f-b30c-343419760b6d
A001,74,2032,2,Run 1,65a601a3-8d71-4c8f-b30c-343419760b6d
A001,75,2023,13,Run 1,31603851-6c0d-4ef2-ac07-ed71c5322653
A001,75,2024,13,Run 1,31603851-6c0d-4ef2-ac07-ed71c5322653
A001,75,2025,13,Run 1,31603851-6c0d-4ef2-ac07-ed71c5322653
A001,75,2026,13,Run 1,31603851-6c0d-4ef2-ac07-ed71c5322653
A001,75,2027,13,Run 1,31603851-6c0d-4ef2-ac07-ed71c5322653
A001,75,2028,14,Run 1,31603851-6c0d-4ef2-ac07-ed71c5322653
A001,75,2029,14,Run 1,31603851-6c0d-4ef2-ac07-ed71c5322653
A001,75,2030,14,Run 1,31603851-6c0d-4ef2-ac07-ed71c5322653
A001,75,2031,14,Run 1,31603851-6c0d-4ef2-ac07-ed71c5322653
A001,75,2032,14,Run 1,31603851-6c0d-4ef2-ac07-ed71c5322653
A001,76,2023,15,Run 1,e6140f91-3675-4648-976d-110a395c580f
A001,76,2024,15,Run 1,e6140f91-3675-4648-976d-110a395c580f
A001,76,2025,15,Run 1,e6140f91-3675-4648-976d-110a395c580f
A001,76,2026,16,Run 1,e6140f91-3675-4648-976d-110a395c580f
A001,76,2027,16,Run 1,e6140f91-3675-4648-976d-110a395c580f
A001,76,2028,16,Run 1,e6140f91-3675-4648-976d-110a395c580f
A001,76,2029,16,Run 1,e6140f91-3675-4648-976d-110a395c580f
A001,76,2030,16,Run 1,e6140f91-3675-4648-976d-110a395c580f
A001,76,2031,16,Run 1,e6140f91-3675-4648-976d-110a395c580f
A001,76,2032,16,Run 1,e6140f91-3675-4648-976d-110a395c580f
A001,77,2023,8,Run 1,765b4779-ccb3-469d-8b82-1341134d6af8
A001,77,2024,8,Run 1,765b4779-ccb3-469d-8b82-1341134d6af8
A001,77,2025,8,Run 1,765b4779-ccb3-469d-8b82-1341134d6af8
A001,77,2026,8,Run 1,765b4779-ccb3-469d-8b82-1341134d6af8
A001,77,2027,8,Run 1,765b4779-ccb3-469d-8b82-1341134d6af8
A001,77,2028,8,Run 1,765b4779-ccb3-469d-8b82-1341134d6af8
A001,77,2029,8,Run 1,765b4779-ccb3-469d-8b82-1341134d6af8
A001,77,2030,8,Run 1,765b4779-ccb3-469d-8b82-1341134d6af8
A001,77,2031,8,Run 1,765b4779-ccb3-469d-8b82-1341134d6af8
A001,77,2032,8,Run 1,765b4779-ccb3-469d-8b82-1341134d6af8
A001,78,2023,6,Run 1,4ee0ac3d-ee98-4b3d-b59d-f9180d9a518e
A001,78,2024,6,Run 1,4ee0ac3d-ee98-4b3d-b59d-f9180d9a518e
A001,78,2025,6,Run 1,4ee0ac3d-ee98-4b3d-b59d-f9180d9a518e
A001,78,2026,6,Run 1,4ee0ac3d-ee98-4b3d-b59d-f9180d9a518e
A001,78,2027,6,Run 1,4ee0ac3d-ee98-4b3d-b59d-f9180d9a518e
A001,78,2028,6,Run 1,4ee0ac3d-ee98-4b3d-b59d-f9180d9a518e
A001,78,2029,6,Run 1,4ee0ac3d-ee98-4b3d-b59d-f9180d9a518e
A001,78,2030,6,Run 1,4ee0ac3d-ee98-4b3d-b59d-f9180d9a518e
A001,78,2031,6,Run 1,4ee0ac3d-ee98-4b3d-b59d-f9180d9a518e
A001,78,2032,6,Run 1,4ee0ac3d-ee98-4b3d-b59d-f9180d9a518e
A001,79,2023,9,Run 1,8a7b48e3-4658-4822-953d-c8ff42998312
A001,79,2024,10,Run 1,8a7b48e3-4658-4822-953d-c8ff42998312
A001,79,2025,10,Run 1,8a7b48e3-4658-4822-953d-c8ff42998312
A001,79,2026,10,Run 1,8a7b48e3-4658-4822-953d-c8ff42998312
A001,79,2027,11,Run 1,8a7b48e3-4658-4822-953d-c8ff42998312
A001,79,2028,11,Run 1,8a7b48e3-4658-4822-953d-c8ff42998312
A001,79,2029,12,Run 1,8a7b48e3-4658-4822-953d-c8ff42998312
A001,79,2030,12,Run 1,8a7b48e3-4658-4822-953d-c8ff42998312
A001,79,2031,12,Run 1,8a7b48e3-4658-4822-953d-c8ff42998312
A001,79,2032,13,Run 1,8a7b48e3-4658-4822-953d-c8ff42998312
A001,8,2023,1,Run 1,b51a4f1b-4ab0-4208-8785-be22d82a1b6d
A001,8,2024,1,Run 1,b51a4f1b-4ab0-4208-8785-be22d82a1b6d
A001,8,2025,1,Run 1,b51a4f1b-4ab0-4208-8785-be22d82a1b6d
A001,8,2026,1,Run 1,b51a4f1b-4ab0-4208-8785-be22d82a1b6d
A001,8,2027,1,Run 1,b51a4f1b-4ab0-4208-8785-be22d82a1b6d
A001,8,2028,1,Run 1,b51a4f1b-4ab0-4208-8785-be22d82a1b6d
A001,8,2029,1,Run 1,b51a4f1b-4ab0-4208-8785-be22d82a1b6d
A001,8,2030,1,Run 1,b51a4f1b-4ab0-4208-8785-be22d82a1b6d
A001,8,2031,2,Run 1,b51a4f1b-4ab0-4208-8785-be22d82a1b6d
A001,8,2032,2,Run 1,b51a4f1b-4ab0-4208-8785-be22d82a1b6d
A001,80,2023,10,Run 1,21343695-29ac-4f06-83fb-675bc1baa0e8
A001,80,2024,11,Run 1,21343695-29ac-4f06-83fb-675bc1baa0e8
A001,80,2025,11,Run 1,21343695-29ac-4f06-83fb-675bc1baa0e8
A001,80,2026,11,Run 1,21343695-29ac-4f06-83fb-675bc1baa0e8
A001,80,2027,11,Run 1,21343695-29ac-4f06-83fb-675bc1baa0e8
A001,80,2028,12,Run 1,21343695-29ac-4f06-83fb-675bc1baa0e8
A001,80,2029,12,Run 1,21343695-29ac-4f06-83fb-675bc1baa0e8
A001,80,2030,12,Run 1,21343695-29ac-4f06-83fb-675bc1baa0e8
A001,80,2031,12,Run 1,21343695-29ac-4f06-83fb-675bc1baa0e8
A001,80,2032,13,Run 1,21343695-29ac-4f06-83fb-675bc1baa0e8
A001,81,2023,19,Run 1,cf2beaab-df94-4588-9c4a-3a9f5a0b7fb9
A001,81,2024,19,Run 1,cf2beaab-df94-4588-9c4a-3a9f5a0b7fb9
A001,81,2025,19,Run 1,cf2beaab-df94-4588-9c4a-3a9f5a0b7fb9
A001,81,2026,20,Run 1,cf2beaab-df94-4588-9c4a-3a9f5a0b7fb9
A001,81,2027,20,Run 1,cf2beaab-df94-4588-9c4a-3a9f5a0b7fb9
A001,81,2028,21,Run 1,cf2beaab-df94-4588-9c4a-3a9f5a0b7fb9
A001,81,2029,21,Run 1,cf2beaab-df94-4588-9c4a-3a9f5a0b7fb9
A001,81,2030,21,Run 1,cf2beaab-df94-4588-9c4a-3a9f5a0b7fb9
A001,81,2031,21,Run 1,cf2beaab-df94-4588-9c4a-3a9f5a0b7fb9
A001,81,2032,22,Run 1,cf2beaab-df94-4588-9c4a-3a9f5a0b7fb9
A001,82,2023,21,Run 1,b681a708-172e-49d5-927a-3551f1200d1c
A001,82,2024,22,Run 1,b681a708-172e-49d5-927a-3551f1200d1c
A001,82,2025,22,Run 1,b681a708-172e-49d5-927a-3551f1200d1c
A001,82,2026,22,Run 1,b681a708-172e-49d5-927a-3551f1200d1c
A001,82,2027,23,Run 1,b681a708-172e-49d5-927a-3551f1200d1c
A001,82,2028,23,Run 1,b681a708-172e-49d5-927a-3551f1200d1c
A001,82,2029,24,Run 1,b681a708-172e-49d5-927a-3551f1200d1c
A001,82,2030,24,Run 1,b681a708-172e-49d5-927a-3551f1200d1c
A001,82,2031,24,Run 1,b681a708-172e-49d5-927a-3551f1200d1c
A001,82,2032,24,Run 1,b681a708-172e-49d5-927a-3551f1200d1c
A001,83,2023,16,Run 1,674d01f3-6ce5-4777-b076-214223369b51
A001,83,2024,17,Run 1,674d01f3-6ce5-4777-b076-214223369b51
A001,83,2025,17,Run 1,674d01f3-6ce5-4777-b076-214223369b51
A001,83,2026,17,Run 1,674d01f3-6ce5-4777-b076-214223369b51
A001,83,2027,18,Run 1,674d01f3-6ce5-4777-b076-214223369b51
A001,83,2028,18,Run 1,674d01f3-6ce5-4777-b076-214223369b51
A001,83,2029,18,Run 1,674d01f3-6ce5-4777-b076-214223369b51
A001,83,2030,19,Run 1,674d01f3-6ce5-4777-b076-214223369b51
A001,83,2031,19,Run 1,674d01f3-6ce5-4777-b076-214223369b51
A001,83,2032,20,Run 1,674d01f3-6ce5-4777-b076-214223369b51
A001,84,2023,24,Run 1,5b87eb71-68af-412f-b5cb-1573769e520f
A001,84,2024,24,Run 1,5b87eb71-68af-412f-b5cb-1573769e520f
A001,84,2025,24,Run 1,5b87eb71-68af-412f-b5cb-1573769e520f
A001,84,2026,24,Run 1,5b87eb71-68af-412f-b5cb-1573769e520f
A001,84,2027,24,Run 1,5b87eb71-68af-412f-b5cb-1573769e520f
A001,84,2028,25,Run 1,5b87eb71-68af-412f-b5cb-1573769e520f
A001,84,2029,25,Run 1,5b87eb71-68af-412f-b5cb-1573769e520f
A001,84,2030,25,Run 1,5b87eb71-68af-412f-b5cb-1573769e520f
A001,84,2031,25,Run 1,5b87eb71-68af-412f-b5cb-1573769e520f
A001,84,2032,25,Run 1,5b87eb71-68af-412f-b5cb-1573769e520f
A001,85,2023,25,Run 1,5fe29d24-ff20-4a8c-8972-2e58914a4dea
A001,85,2024,26,Run 1,5fe29d24-ff20-4a8c-8972-2e58914a4dea
A001,85,2025,26,Run 1,5fe29d24-ff20-4a8c-8972-2e58914a4dea
A001,85,2026,26,Run 1,5fe29d24-ff20-4a8c-8972-2e58914a4dea
A001,85,2027,26,Run 1,5fe29d24-ff20-4a8c-8972-2e58914a4dea
A001,85,2028,27,Run 1,5fe29d24-ff20-4a8c-8972-2e58914a4dea
A001,85,2029,27,Run 1,5fe29d24-ff20-4a8c-8972-2e58914a4dea
A001,85,2030,27,Run 1,5fe29d24-ff20-4a8c-8972-2e58914a4dea
A001,85,2031,28,Run 1,5fe29d24-ff20-4a8c-8972-2e58914a4dea
A001,85,2032,28,Run 1,5fe29d24-ff20-4a8c-8972-2e58914a4dea
A001,86,2023,13,Run 1,8811b440-42e8-4d44-964e-d9f122692304
A001,86,2024,13,Run 1,8811b440-42e8-4d44-964e-d9f122692304
A001,86,2025,13,Run 1,8811b440-42e8-4d44-964e-d9f122692304
A001,86,2026,14,Run 1,8811b440-42e8-4d44-964e-d9f122692304
A001,86,2027,14,Run 1,8811b440-42e8-4d44-964e-d9f122692304
A001,86,2028,14,Run 1,8811b440-42e8-4d44-964e-d9f122692304
A001,86,2029,13,Run 1,8811b440-42e8-4d44-964e-d9f122692304
A001,86,2030,13,Run 1,8811b440-42e8-4d44-964e-d9f122692304
A001,86,2031,14,Run 1,8811b440-42e8-4d44-964e-d9f122692304
A001,86,2032,14,Run 1,8811b440-42e8-4d44-964e-d9f122692304
A001,87,2023,10,Run 1,84ebba87-5e00-408b-8f9d-e13959aeddb5
A001,87,2024,11,Run 1,84ebba87-5e00-408b-8f9d-e13959aeddb5
A001,87,2025,11,Run 1,84ebba87-5e00-408b-8f9d-e13959aeddb5
A001,87,2026,11,Run 1,84ebba87-5e00-408b-8f9d-e13959aeddb5
A001,87,2027,11,Run 1,84ebba87-5e00-408b-8f9d-e13959aeddb5
A001,87,2028,11,Run 1,84ebba87-5e00-408b-8f9d-e13959aeddb5
A001,87,2029,12,Run 1,84ebba87-5e00-408b-8f9d-e13959aeddb5
A001,87,2030,12,Run 1,84ebba87-5e00-408b-8f9d-e13959aeddb5
A001,87,2031,12,Run 1,84ebba87-5e00-408b-8f9d-e13959aeddb5
A001,87,2032,13,Run 1,84ebba87-5e00-408b-8f9d-e13959aeddb5
A001,88,2023,16,Run 1,0e2c1829-b3f6-4213-a544-09b480216d0f
A001,88,2024,18,Run 1,0e2c1829-b3f6-4213-a544-09b480216d0f
A001,88,2025,17,Run 1,0e2c1829-b3f6-4213-a544-09b480216d0f
A001,88,2026,18,Run 1,0e2c1829-b3f6-4213-a544-09b480216d0f
A001,88,2027,18,Run 1,0e2c1829-b3f6-4213-a544-09b480216d0f
A001,88,2028,18,Run 1,0e2c1829-b3f6-4213-a544-09b480216d0f
A001,88,2029,19,Run 1,0e2c1829-b3f6-4213-a544-09b480216d0f
A001,88,2030,19,Run 1,0e2c1829-b3f6-4213-a544-09b480216d0f
A001,88,2031,19,Run 1,0e2c1829-b3f6-4213-a544-09b480216d0f
A001,88,2032,20,Run 1,0e2c1829-b3f6-4213-a544-09b480216d0f
A001,89,2023,17,Run 1,0fa2fc24-d5f9-4565-a106-bb8d12a81ad1
A001,89,2024,18,Run 1,0fa2fc24-d5f9-4565-a106-bb8d12a81ad1
A001,89,2025,18,Run 1,0fa2fc24-d5f9-4565-a106-bb8d12a81ad1
A001,89,2026,19,Run 1,0fa2fc24-d5f9-4565-a106-bb8d12a81ad1
A001,89,2027,19,Run 1,0fa2fc24-d5f9-4565-a106-bb8d12a81ad1
A001,89,2028,19,Run 1,0fa2fc24-d5f9-4565-a106-bb8d12a81ad1
A001,89,2029,20,Run 1,0fa2fc24-d5f9-4565-a106-bb8d12a81ad1
A001,89,2030,21,Run 1,0fa2fc24-d5f9-4565-a106-bb8d12a81ad1
A001,89,2031,21,Run 1,0fa2fc24-d5f9-4565-a106-bb8d12a81ad1
A001,89,2032,21,Run 1,0fa2fc24-d5f9-4565-a106-bb8d12a81ad1
A001,9,2023,7,Run 1,bdf4cb84-d8b7-4005-928b-31d1bfcd29dc
A001,9,2024,7,Run 1,bdf4cb84-d8b7-4005-928b-31d1bfcd29dc
A001,9,2025,7,Run 1,bdf4cb84-d8b7-4005-928b-31d1bfcd29dc
A001,9,2026,7,Run 1,bdf4cb84-d8b7-4005-928b-31d1bfcd29dc
A001,9,2027,7,Run 1,bdf4cb84-d8b7-4005-928b-31d1bfcd29dc
A001,9,2028,7,Run 1,bdf4cb84-d8b7-4005-928b-31d1bfcd29dc
A001,9,2029,7,Run 1,bdf4cb84-d8b7-4005-928b-31d1bfcd29dc
A001,9,2030,7,Run 1,bdf4cb84-d8b7-4005-928b-31d1bfcd29dc
A001,9,2031,6,Run 1,bdf4cb84-d8b7-4005-928b-31d1bfcd29dc
A001,9,2032,7,Run 1,bdf4cb84-d8b7-4005-928b-31d1bfcd29dc
A001,90,2023,19,Run 1,1c1a4320-82d3-4c37-ad8e-f75651fe44f8
A001,90,2024,19,Run 1,1c1a4320-82d3-4c37-ad8e-f75651fe44f8
A001,90,2025,19,Run 1,1c1a4320-82d3-4c37-ad8e-f75651fe44f8
A001,90,2026,20,Run 1,1c1a4320-82d3-4c37-ad8e-f75651fe44f8
A001,90,2027,20,Run 1,1c1a4320-82d3-4c37-ad8e-f75651fe44f8
A001,90,2028,21,Run 1,1c1a4320-82d3-4c37-ad8e-f75651fe44f8
A001,90,2029,21,Run 1,1c1a4320-82d3-4c37-ad8e-f75651fe44f8
A001,90,2030,22,Run 1,1c1a4320-82d3-4c37-ad8e-f75651fe44f8
A001,90,2031,22,Run 1,1c1a4320-82d3-4c37-ad8e-f75651fe44f8
A001,90,2032,22,Run 1,1c1a4320-82d3-4c37-ad8e-f75651fe44f8
A001,91,2023,14,Run 1,54b7054a-2f9d-4c88-ba78-7718741723d3
A001,91,2024,14,Run 1,54b7054a-2f9d-4c88-ba78-7718741723d3
A001,91,2025,15,Run 1,54b7054a-2f9d-4c88-ba78-7718741723d3
A001,91,2026,15,Run 1,54b7054a-2f9d-4c88-ba78-7718741723d3
A001,91,2027,16,Run 1,54b7054a-2f9d-4c88-ba78-7718741723d3
A001,91,2028,16,Run 1,54b7054a-2f9d-4c88-ba78-7718741723d3
A001,91,2029,16,Run 1,54b7054a-2f9d-4c88-ba78-7718741723d3
A001,91,2030,17,Run 1,54b7054a-2f9d-4c88-ba78-7718741723d3
A001,91,2031,17,Run 1,54b7054a-2f9d-4c88-ba78-7718741723d3
A001,91,2032,18,Run 1,54b7054a-2f9d-4c88-ba78-7718741723d3
A001,92,2023,15,Run 1,4811631a-335a-43ae-ba86-27452febfaeb
A001,92,2024,16,Run 1,4811631a-335a-43ae-ba86-27452febfaeb
A001,92,2025,16,Run 1,4811631a-335a-43ae-ba86-27452febfaeb
A001,92,2026,17,Run 1,4811631a-335a-43ae-ba86-27452febfaeb
A001,92,2027,17,Run 1,4811631a-335a-43ae-ba86-27452febfaeb
A001,92,2028,17,Run 1,4811631a-335a-43ae-ba86-27452febfaeb
A001,92,2029,18,Run 1,4811631a-335a-43ae-ba86-27452febfaeb
A001,92,2030,18,Run 1,4811631a-335a-43ae-ba86-27452febfaeb
A001,92,2031,18,Run 1,4811631a-335a-43ae-ba86-27452febfaeb
A001,92,2032,19,Run 1,4811631a-335a-43ae-ba86-27452febfaeb
A001,93,2023,15,Run 1,375279e4-d96e-4aaf-8cc6-9741236bcece
A001,93,2024,16,Run 1,375279e4-d96e-4aaf-8cc6-9741236bcece
A001,93,2025,16,Run 1,375279e4-d96e-4aaf-8cc6-9741236bcece
A001,93,2026,17,Run 1,375279e4-d96e-4aaf-8cc6-9741236bcece
A001,93,2027,17,Run 1,375279e4-d96e-4aaf-8cc6-9741236bcece
A001,93,2028,17,Run 1,375279e4-d96e-4aaf-8cc6-9741236bcece
A001,93,2029,17,Run 1,375279e4-d96e-4aaf-8cc6-9741236bcece
A001,93,2030,18,Run 1,375279e4-d96e-4aaf-8cc6-9741236bcece
A001,93,2031,18,Run 1,375279e4-d96e-4aaf-8cc6-9741236bcece
A001,93,2032,19,Run 1,375279e4-d96e-4aaf-8cc6-9741236bcece
A001,94,2023,13,Run 1,1b362faa-9ebc-45ea-a622-0d714e7b42b8
A001,94,2024,14,Run 1,1b362faa-9ebc-45ea-a622-0d714e7b42b8
A001,94,2025,14,Run 1,1b362faa-9ebc-45ea-a622-0d714e7b42b8
A001,94,2026,14,Run 1,1b362faa-9ebc-45ea-a622-0d714e7b42b8
A001,94,2027,14,Run 1,1b362faa-9ebc-45ea-a622-0d714e7b42b8
A001,94,2028,15,Run 1,1b362faa-9ebc-45ea-a622-0d714e7b42b8
A001,94,2029,15,Run 1,1b362faa-9ebc-45ea-a622-0d714e7b42b8
A001,94,2030,15,Run 1,1b362faa-9ebc-45ea-a622-0d714e7b42b8
A001,94,2031,16,Run 1,1b362faa-9ebc-45ea-a622-0d714e7b42b8
A001,94,2032,16,Run 1,1b362faa-9ebc-45ea-a622-0d714e7b42b8
A001,95,2023,18,Run 1,18276554-99e9-4196-a20a-13c573ce173d
A001,95,2024,19,Run 1,18276554-99e9-4196-a20a-13c573ce173d
A001,95,2025,19,Run 1,18276554-99e9-4196-a20a-13c573ce173d
A001,95,2026,20,Run 1,18276554-99e9-4196-a20a-13c573ce173d
A001,95,2027,20,Run 1,18276554-99e9-4196-a20a-13c573ce173d
A001,95,2028,21,Run 1,18276554-99e9-4196-a20a-13c573ce173d
A001,95,2029,20,Run 1,18276554-99e9-4196-a20a-13c573ce173d
A001,95,2030,20,Run 1,18276554-99e9-4196-a20a-13c573ce173d
A001,95,2031,22,Run 1,18276554-99e9-4196-a20a-13c573ce173d
A001,95,2032,22,Run 1,18276554-99e9-4196-a20a-13c573ce173d
A001,96,2023,8,Run 1,85aeecfa-7fc6-4320-9e51-1c3e9bdf4820
A001,96,2024,8,Run 1,85aeecfa-7fc6-4320-9e51-1c3e9bdf4820
A001,96,2025,8,Run 1,85aeecfa-7fc6-4320-9e51-1c3e9bdf4820
A001,96,2026,8,Run 1,85aeecfa-7fc6-4320-9e51-1c3e9bdf4820
A001,96,2027,8,Run 1,85aeecfa-7fc6-4320-9e51-1c3e9bdf4820
A001,96,2028,8,Run 1,85aeecfa-7fc6-4320-9e51-1c3e9bdf4820
A001,96,2029,8,Run 1,85aeecfa-7fc6-4320-9e51-1c3e9bdf4820
A001,96,2030,8,Run 1,85aeecfa-7fc6-4320-9e51-1c3e9bdf4820
A001,96,2031,8,Run 1,85aeecfa-7fc6-4320-9e51-1c3e9bdf4820
A001,96,2032,8,Run 1,85aeecfa-7fc6-4320-9e51-1c3e9bdf4820
A001,97,2023,21,Run 1,02e47a9c-a46b-4e44-ac28-75552608098d
A001,97,2024,21,Run 1,02e47a9c-a46b-4e44-ac28-75552608098d
A001,97,2025,21,Run 1,02e47a9c-a46b-4e44-ac28-75552608098d
A001,97,2026,21,Run 1,02e47a9c-a46b-4e44-ac28-75552608098d
A001,97,2027,21,Run 1,02e47a9c-a46b-4e44-ac28-75552608098d
A001,97,2028,22,Run 1,02e47a9c-a46b-4e44-ac28-75552608098d
A001,97,2029,22,Run 1,02e47a9c-a46b-4e44-ac28-75552608098d
A001,97,2030,22,Run 1,02e47a9c-a46b-4e44-ac28-75552608098d
A001,97,2031,22,Run 1,02e47a9c-a46b-4e44-ac28-75552608098d
A001,97,2032,22,Run 1,02e47a9c-a46b-4e44-ac28-75552608098d
A001,98,2023,21,Run 1,e0032400-616c-4719-9e10-9195ca49494b
A001,98,2024,21,Run 1,e0032400-616c-4719-9e10-9195ca49494b
A001,98,2025,21,Run 1,e0032400-616c-4719-9e10-9195ca49494b
A001,98,2026,22,Run 1,e0032400-616c-4719-9e10-9195ca49494b
A001,98,2027,22,Run 1,e0032400-616c-4719-9e10-9195ca49494b
A001,98,2028,22,Run 1,e0032400-616c-4719-9e10-9195ca49494b
A001,98,2029,22,Run 1,e0032400-616c-4719-9e10-9195ca49494b
A001,98,2030,22,Run 1,e0032400-616c-4719-9e10-9195ca49494b
A001,98,2031,23,Run 1,e0032400-616c-4719-9e10-9195ca49494b
A001,98,2032,23,Run 1,e0032400-616c-4719-9e10-9195ca49494b
A001,99,2023,21,Run 1,ffca487b-c032-439e-82ac-06c1c7463d01
A001,99,2024,21,Run 1,ffca487b-c032-439e-82ac-06c1c7463d01
A001,99,2025,21,Run 1,ffca487b-c032-439e-82ac-06c1c7463d01
A001,99,2026,21,Run 1,ffca487b-c032-439e-82ac-06c1c7463d01
A001,99,2027,22,Run 1,ffca487b-c032-439e-82ac-06c1c7463d01
A001,99,2028,22,Run 1,ffca487b-c032-439e-82ac-06c1c7463d01
A001,99,2029,22,Run 1,ffca487b-c032-439e-82ac-06c1c7463d01
A001,99,2030,22,Run 1,ffca487b-c032-439e-82ac-06c1c7463d01
A001,99,2031,23,Run 1,ffca487b-c032-439e-82ac-06c1c7463d01
A001,99,2032,23,Run 1,ffca487b-c032-439e-82ac-06c1c7463d01
