"MgmtID","StandID","Year","Surf_Flame_Sev","Surf_Flame_Mod","Tot_Flame_Sev","Tot_Flame_Mod","Fire_Type_Sev","Fire_Type_Mod","PTorch_Sev","PTorch_Mod","Torch_Index","Crown_Index","Canopy_Ht","Canopy_Density","Mortality_BA_Sev","Mortality_BA_Mod","Mortality_VOL_Sev","Mortality_VOL_Mod","Pot_Smoke_Sev","Pot_Smoke_Mod","Fuel_Mod1","Fuel_Mod2","Fuel_Mod3","Fuel_Mod4","Fuel_Wt1","Fuel_Wt2","Fuel_Wt3","Fuel_Wt4","RunTitle","CaseID"
"A002","1","2023",5.86675930023193,0.989807605743408,29.6892280578613,0.989807605743408,"PASSIVE","SURFACE",0.999625563621521,0.855328857898712,0,23.6565952301025,2,0.0972842499613762,99,24,1302,308,0.131865784525871,0.0632805004715919,5,10,0,0,96,4,0,0,"Run 2","7e8d8b23-6eeb-444a-b1e7-7a145abf61cf"
"A002","10","2023",4.90791749954224,2.05663180351257,53.6222457885742,3.10610508918762,"PASSIVE","PASSIVE",0.918075323104858,0.899999380111694,0,22.0136432647705,1,0.107334218919277,99,57,3102,1584,0.498038649559021,0.271482050418854,10,0,0,0,100,0,0,0,"Run 2","ac8a151c-13ae-45e0-913f-649f1f06bdfd"
"A002","100","2023",5.99313163757324,0.962405025959015,5.99313163757324,0.962405025959015,"SURFACE","SURFACE",0.894963502883911,0,29.942497253418,24.241584777832,15,0.094082809984684,87,28,1876,606,0.108233451843262,0.0607645623385906,5,10,0,0,98,2,0,0,"Run 2","9735b313-0dac-4079-95d2-0835cdbdee67"
"A002","101","2023",6.54245185852051,0.986707329750061,6.54245185852051,0.986707329750061,"SURFACE","SURFACE",0.920706868171692,0.00121405103709549,20.1869659423828,29.3474369049072,12,0.0723005682229996,98,29,1359,405,0.0953497961163521,0.0502553284168243,5,0,0,0,100,0,0,0,"Run 2","0d99ae0f-3e78-4412-a0f0-303b08c1fc8e"
"A002","102","2023",5.59701013565063,1.04151797294617,28.1131896972656,1.04151797294617,"PASSIVE","SURFACE",0.818504154682159,0.399745225906372,3.17131495475769,25.9522266387939,3,0.0856717973947525,98,16,4117,630,0.156814619898796,0.0676309764385223,5,10,0,0,92,8,0,0,"Run 2","0c7f21d6-4173-42f9-a304-4928fc012f6b"
"A002","103","2023",5.45889234542847,1.06489479541779,5.45889234542847,1.06489479541779,"SURFACE","SURFACE",0.817930281162262,0.400122851133347,38.9179458618164,21.0936717987061,17,0.113753765821457,42,26,1401,883,0.109856590628624,0.069579228758812,5,10,0,0,89,11,0,0,"Run 2","c4ba7907-1a08-45ab-9b15-79cb2a7f74a6"
"A002","104","2023",5.66102600097656,1.03000855445862,5.66102600097656,1.03000855445862,"SURFACE","SURFACE",0.899175882339478,0.00283620390109718,32.1766815185547,22.027624130249,15,0.107241399586201,77,30,1754,696,0.115352295339108,0.066218800842762,5,10,0,0,93,7,0,0,"Run 2","5256f713-d9f6-43b8-b40c-f4c3c8567127"
"A002","105","2023",6.08475399017334,0.941079199314117,29.7300186157227,0.941079199314117,"PASSIVE","SURFACE",0.992062211036682,0.0195427425205708,2.98573970794678,23.9371395111084,3,0.0957263633608818,99,29,1672,475,0.132365107536316,0.0592746622860432,5,10,0,0,100,0,0,0,"Run 2","f5639a4e-ecf2-4ef1-913e-b09df6fc696a"
"A002","106","2023",5.52164077758789,1.05451238155365,5.52164077758789,1.05451238155365,"SURFACE","SURFACE",0.923326790332794,0.489010721445084,30.7514686584473,21.0198192596436,14,0.114297069609165,58,28,1484,710,0.115832343697548,0.0686403438448906,5,10,0,0,90,10,0,0,"Run 2","63fceb0f-308b-4a64-801f-107edafab4ef"
"A002","107","2023",6.24453115463257,0.952637493610382,6.24453115463257,0.952637493610382,"SURFACE","SURFACE",0.108821995556355,0,72.0102844238281,32.3370666503906,35,0.0631982535123825,22,16,857,647,0.0822081863880157,0.0561983287334442,5,0,0,0,100,0,0,0,"Run 2","236ababd-1f1c-42ec-ad9d-e43226743228"
"A002","108","2023",2.43805050849915,1.18478143215179,57.2139663696289,1.18478143215179,"ACTIVE","SURFACE",0.995849788188934,0.492766112089157,0,16.2407684326172,1,0.161683410406113,100,22,3518,751,0.192908510565758,0.0732500627636909,9,10,0,0,88,12,0,0,"Run 2","313cfb79-fea6-47e3-a261-6010d9875d8f"
"A002","109","2023",2.26453280448914,1.15397727489471,83.4329223632812,1.15397727489471,"COND_CRN","SURFACE",0.999789714813232,0.893420994281769,27.1225967407227,12.6663942337036,3,0.223978951573372,100,15,8915,1192,0.273486793041229,0.071725994348526,9,10,0,0,88,12,0,0,"Run 2","ab866fbb-5b6f-41d0-911f-48a46be7653a"
"A002","11","2023",4.39651298522949,1.93959093093872,50.7995452880859,3.08394289016724,"PASSIVE","PASSIVE",0.966667056083679,0.966638624668121,0,23.2610015869141,1,0.0995548963546753,98,28,6659,1781,0.259874552488327,0.124623186886311,10,0,0,0,100,0,0,0,"Run 2","e48f4fe2-f88b-4238-9104-a8f6aa27f5ea"
"A002","110","2023",5.80953168869019,1.00151026248932,5.80953168869019,1.00151026248932,"SURFACE","SURFACE",0.695287108421326,0.266666501760483,28.771556854248,34.6185569763184,14,0.0574782267212868,39,14,1546,593,0.102535270154476,0.0638225972652435,5,10,0,0,95,5,0,0,"Run 2","8c006add-5809-41a9-9a93-ae46097a84f3"
"A002","111","2023",1.83115696907043,0.786203265190125,42.9213676452637,0.786203265190125,"PASSIVE","SURFACE",0.999861121177673,0.856351435184479,15.3805828094482,20.2124538421631,1,0.120533891022205,99,27,1992,473,0.217925235629082,0.0939501747488976,8,10,0,0,92,8,0,0,"Run 2","1c44a04c-2dc0-47ba-a527-6b9304d408b5"
"A002","112","2023",3.86642694473267,1.82643985748291,35.3190116882324,2.84848928451538,"PASSIVE","PASSIVE",1.00000035762787,1.00000035762787,0,25.0840263366699,1,0.089774452149868,99,56,3752,1780,0.230567425489426,0.126278162002563,10,0,0,0,100,0,0,0,"Run 2","2ac9f012-6101-489a-a9ad-a1c238e52f48"
"A002","113","2023",4.06300354003906,1.86733543872833,81.9425582885742,4.2024712562561,"ACTIVE","PASSIVE",0.966667056083679,0.96525627374649,0,16.4052963256836,1,0.159530431032181,100,57,6965,3651,0.587471485137939,0.313958585262299,10,8,0,0,100,0,0,0,"Run 2","23f51dea-0f32-4cd0-a2cd-64342d6ba1f4"
"A002","114","2023",1.77739918231964,0.858826994895935,56.1618576049805,0.858826994895935,"ACTIVE","SURFACE",1.00000035762787,1.00000035762787,16.4148712158203,15.8191480636597,1,0.16742904484272,100,33,4429,1280,0.265280395746231,0.102809973061085,8,10,0,0,84,16,0,0,"Run 2","6917ca17-4597-4365-b668-53453ccfc769"
"A002","115","2023",2.32081913948059,1.16378509998322,53.9494857788086,1.16378509998322,"ACTIVE","SURFACE",1.00000035762787,1.00000035762787,0,18.5619201660156,1,0.135225743055344,100,25,5105,893,0.193215250968933,0.0757896080613136,9,10,0,0,88,12,0,0,"Run 2","3fe70242-3e05-4deb-aebd-45cf83da3bb8"
"A002","116","2023",1.77739918231964,0.858826994895935,40.9977111816406,0.858826994895935,"PASSIVE","SURFACE",0.999708473682404,0.83748459815979,16.4148750305176,20.4526500701904,1,0.118619605898857,99,28,3284,844,0.248419746756554,0.101721428334713,8,10,0,0,84,16,0,0,"Run 2","262f1471-03d6-4ade-ae07-a16a46c1df47"
"A002","117","2023",3.70093894004822,1.56594240665436,62.4186515808105,1.88071250915527,"ACTIVE","PASSIVE",1,0.969652652740479,0,18.2179298400879,1,0.138669818639755,100,33,3430,947,0.434364944696426,0.208970412611961,10,8,0,0,54,46,0,0,"Run 2","4e816b9d-3311-44da-82e6-df6ac4f12809"
"A002","118","2023",8.51879215240479,2.8267867565155,12.0333490371704,2.86466479301453,"PASSIVE","PASSIVE",0.966667056083679,0.966667056083679,0,37.9064903259277,1,0.0506427362561226,99,97,220,214,0.0293626263737679,0.0262118317186832,2,0,0,0,100,0,0,0,"Run 2","548e8a13-330f-40e4-b658-b8da7057417d"
"A002","119","2023",6.83505630493164,1.02059233188629,36.1896133422852,1.02059233188629,"ACTIVE","SURFACE",1.00000035762787,0.974500238895416,0,18.9718399047852,1,0.13130559027195,100,59,580,311,0.0598454177379608,0.0305467490106821,5,0,0,0,100,0,0,0,"Run 2","cde3f0cd-6e3f-4e6a-886f-2c7bad5b784b"
"A002","12","2023",3.86642789840698,1.82644033432007,93.8615036010742,4.73759937286377,"ACTIVE","PASSIVE",1.00000035762787,0.998197555541992,0,15.9424610137939,1,0.165713593363762,100,61,11504,6221,0.636931896209717,0.346863657236099,10,12,0,0,100,0,0,0,"Run 2","4ad90f8f-3294-4f36-b3bc-49d3a39e3006"
"A002","120","2023",8.95786666870117,2.93275165557861,13.3199090957642,2.97657179832458,"PASSIVE","PASSIVE",0.866666972637177,0.866666972637177,0,34.4094390869141,1,0.057965449988842,99,99,192,191,0.0289068724960089,0.0272123403847218,2,0,0,0,100,0,0,0,"Run 2","7d030df4-a266-4cae-b272-0af68fda45c2"
"A002","121","2023",8.80025100708008,2.89452195167542,12.4882926940918,2.93124055862427,"PASSIVE","PASSIVE",0.933333694934845,0.933333694934845,0,36.3060302734375,1,0.0537874326109886,99,99,166,165,0.0275190714746714,0.0263404250144958,2,0,0,0,100,0,0,0,"Run 2","9129157a-faf3-404d-9c61-99b459300ab2"
"A002","13","2023",4.55746221542358,1.97565698623657,69.5753402709961,3.8893084526062,"ACTIVE","PASSIVE",0.966715633869171,0.934005320072174,0,15.6021547317505,1,0.170521005988121,100,65,4311,2249,0.547556221485138,0.317537724971771,10,0,0,0,100,0,0,0,"Run 2","faea7674-0d0c-4ae8-91c8-220880332629"
"A002","14","2023",1.77739918231964,0.858826994895935,71.3191452026367,0.858826994895935,"ACTIVE","SURFACE",1.00000035762787,1.00000035762787,16.4148750305176,15.0689573287964,1,0.178539171814919,100,33,5307,1533,0.30083179473877,0.105740144848824,8,10,0,0,84,16,0,0,"Run 2","3976562d-ee97-43ed-a332-075d7c74d23f"
"A002","15","2023",1.77739918231964,0.858826994895935,28.3129119873047,0.858826994895935,"PASSIVE","SURFACE",0.966667056083679,0.966664850711823,16.4148750305176,21.9192199707031,1,0.10796470195055,99,32,8374,2574,0.289566159248352,0.10385487228632,8,10,0,0,84,16,0,0,"Run 2","70591f0a-81c2-4eb2-bc83-833b54e54b25"
"A002","16","2023",2.71509981155396,1.23555862903595,39.840202331543,1.21437752246857,"PASSIVE","PASSIVE",0.95080554485321,0.900755286216736,0,22.64866065979,1,0.10325063765049,99,15,5572,749,0.190104931592941,0.0721714794635773,9,10,0,0,88,12,0,0,"Run 2","7a030c61-7e28-4dd7-b6f5-2ccd349ebb15"
"A002","17","2023",3.99984979629517,1.88039457798004,8.81488513946533,2.10689759254456,"PASSIVE","PASSIVE",0.999850451946259,0.96789425611496,0,46.7151527404785,1,0.0377857983112335,90,49,2104,1086,0.284039437770844,0.148346900939941,2,10,0,0,67,33,0,0,"Run 2","4d089a79-bc6b-4820-b984-410c2672061f"
"A002","18","2023",4.2203369140625,1.90098965167999,63.7472610473633,3.30327916145325,"PASSIVE","PASSIVE",0.901143729686737,0.900000333786011,0,20.7261486053467,1,0.116501450538635,99,48,5152,2265,0.550356566905975,0.289070606231689,10,8,0,0,100,0,0,0,"Run 2","03e93f6b-da8c-48bb-a28c-7ffdd91dfe28"
"A002","19","2023",6.56018590927124,0.988749563694,40.9425392150879,0.988749563694,"ACTIVE","SURFACE",1.00000035762787,0.999562859535217,0,17.3937397003174,1,0.147549942135811,100,62,808,427,0.0726135298609734,0.0335836708545685,5,0,0,0,100,0,0,0,"Run 2","4a58c6c4-7fa1-4d88-ba4b-040af084abcd"
"A002","2","2023",1.92739737033844,0.890159249305725,61.2724380493164,0.890159249305725,"ACTIVE","SURFACE",0.933333575725555,0.909337639808655,13.8818883895874,16.9965763092041,1,0.15217624604702,100,11,6657,562,0.268350481987,0.105055786669254,8,10,0,0,84,16,0,0,"Run 2","ef584540-02c2-458b-973a-548329590619"
"A002","20","2023",11.4409790039062,3.55739784240723,12.3885688781738,3.56138467788696,"PASSIVE","PASSIVE",1.00000035762787,1.00000035762787,0,69.9254455566406,1,0.0213882252573967,99,99,37,37,0.0164899025112391,0.0164899025112391,2,0,0,0,100,0,0,0,"Run 2","9bd4b75b-cb4c-4d9f-8deb-f7bb3dca57f4"
"A002","21","2023",6.92237424850464,2.47519445419312,20.5754585266113,2.6901490688324,"PASSIVE","PASSIVE",0.623575925827026,0.599532186985016,0,28.0762462615967,2,0.0768660455942154,97,25,1597,337,0.295911878347397,0.153632432222366,2,10,0,0,77,23,0,0,"Run 2","e2cd9199-c802-4d18-92b8-7f92f69e1446"
"A002","22","2023",6.0221061706543,2.33260297775269,13.5263624191284,2.33260297775269,"PASSIVE","SURFACE",1.00000035762787,0.999996840953827,2.40433931350708,42.2928047180176,3,0.0434465333819389,98,55,677,291,0.143536776304245,0.0829538479447365,10,0,0,0,100,0,0,0,"Run 2","59a95d0b-e81d-455f-b786-b940f6c06eda"
"A002","23","2023",5.82296276092529,0.998801171779633,22.245361328125,0.998801171779633,"PASSIVE","SURFACE",1.00000035762787,0.954548001289368,3.07324123382568,30.0267696380615,3,0.0700451582670212,97,25,3830,541,0.157101735472679,0.0640375837683678,5,10,0,0,95,5,0,0,"Run 2","0541b063-3ee2-420e-87fd-31dd62af6f1c"
"A002","24","2023",6.38731670379639,0.96890914440155,42.3310279846191,0.96890914440155,"ACTIVE","SURFACE",1.00000035762787,0.979308009147644,0,14.8917388916016,1,0.181345030665398,100,57,902,477,0.0776565745472908,0.0344620607793331,5,0,0,0,100,0,0,0,"Run 2","e07c6c91-8f01-4871-9290-7562d1ee2b3b"
"A002","25","2023",5.84335279464722,1.84657466411591,46.3985939025879,2.61190557479858,"ACTIVE","PASSIVE",1.00000035762787,1.00000035762787,0,14.0447988510132,1,0.195835441350937,100,87,1125,944,0.0939121469855309,0.0679025128483772,5,6,0,0,50,50,0,0,"Run 2","d9db4b6f-5a63-4ac0-9c4a-d7f7b16f14e6"
"A002","26","2023",6.01965618133545,1.6004673242569,42.3316879272461,1.94164967536926,"ACTIVE","PASSIVE",1.00000035762787,0.999983549118042,0,14.8086156845093,1,0.182686656713486,100,87,1000,840,0.0818422362208366,0.055688951164484,5,6,0,0,69,31,0,0,"Run 2","2df60615-5ae6-4231-af9c-041fbc3f574d"
"A002","27","2023",3.86642694473267,1.82643985748291,85.2693099975586,5.36229991912842,"ACTIVE","PASSIVE",1.00000035762787,1.00000035762787,0,13.0318841934204,1,0.215886861085892,100,74,7009,4408,0.312269598245621,0.201967492699623,10,0,0,0,100,0,0,0,"Run 2","2547ff9c-8146-426e-8ed5-72fe1506775a"
"A002","28","2023",1.77739906311035,0.858826816082001,60.0311660766602,0.858826816082001,"ACTIVE","SURFACE",1.00000035762787,1.00000035762787,16.4148750305176,17.4945697784424,1,0.146412909030914,100,33,5634,1808,0.283617079257965,0.104234918951988,8,10,0,0,84,16,0,0,"Run 2","6a9d4ab1-3d33-450f-b16b-8e30edf860bb"
"A002","29","2023",3.86642742156982,1.82644033432007,93.6541366577148,7.42953777313232,"ACTIVE","PASSIVE",1.00000035762787,1.00000035762787,0,9.95784187316895,1,0.303850561380386,100,87,6630,5630,0.629141688346863,0.405278027057648,10,12,0,0,100,0,0,0,"Run 2","ad259447-7d71-4132-8215-5d52d9450f2a"
"A002","3","2023",1.77739930152893,0.85882705450058,11.6043405532837,0.85882705450058,"PASSIVE","SURFACE",1.00000035762787,1.00000035762787,16.4148712158203,24.5708885192871,1,0.0923579707741737,95,32,3441,988,0.227387279272079,0.103504352271557,8,10,0,0,84,16,0,0,"Run 2","bb40e14a-53ff-44e8-8159-249e50c621a6"
"A002","30","2023",4.19304656982422,1.89509546756744,79.5974884033203,1.89509546756744,"ACTIVE","SURFACE",1.00000023841858,0.955867290496826,0,13.413987159729,2,0.207935810089111,100,46,3894,1715,0.579064786434174,0.270136654376984,10,8,0,0,100,0,0,0,"Run 2","2e12aa34-eace-4475-a5ee-c4bcdd730bd6"
"A002","31","2023",3.86642694473267,1.82643985748291,99.8803024291992,8.83166599273682,"ACTIVE","PASSIVE",1.00000035762787,0.999995529651642,0,8.87492656707764,1,0.349999994039536,100,98,5131,5057,0.649532735347748,0.457524448633194,10,8,0,0,100,0,0,0,"Run 2","5e599728-3a07-4751-b201-26623eef5fee"
"A002","32","2023",4.56689739227295,1.92775225639343,56.632007598877,4.13582992553711,"ACTIVE","PASSIVE",1.00000035762787,1.00000035762787,0,11.0393896102905,1,0.267009079456329,100,99,657,654,0.487924367189407,0.313025593757629,10,8,0,0,88,12,0,0,"Run 2","c36db144-7647-4b87-9d0c-cf6d06c6acf2"
"A002","33","2023",4.57686805725098,1.97688150405884,73.4219589233398,5.72542572021484,"ACTIVE","PASSIVE",1.00000035762787,1.00000035762787,0,9.89305686950684,1,0.306322306394577,100,99,1783,1770,0.557775914669037,0.368578046560287,10,8,0,0,99,1,0,0,"Run 2","ac8c3d55-723c-4f1c-955d-1f27bbd31d12"
"A002","34","2023",4.02565765380859,1.8594651222229,82.7923583984375,6.59701728820801,"ACTIVE","PASSIVE",1.00000035762787,0.996537864208221,0,9.9941349029541,1,0.302480161190033,100,99,2932,2910,0.589629173278809,0.393470585346222,10,8,0,0,100,0,0,0,"Run 2","f10a8379-ad58-43a0-94c6-e7b3f7080879"
"A002","35","2023",5.21202373504639,2.12936854362488,51.6400337219238,3.28167223930359,"ACTIVE","PASSIVE",0.856820225715637,0.833310961723328,0,17.2335662841797,1,0.149386882781982,100,68,1949,811,0.192274019122124,0.122561179101467,10,0,0,0,100,0,0,0,"Run 2","aa3cc4b8-32b0-4a42-8046-2238404b483b"
"A002","36","2023",6.00879669189453,0.958849251270294,6.00879669189453,0.958849251270294,"SURFACE","SURFACE",0.560375332832336,0.271695196628571,23.1215438842773,25.1322193145752,12,0.0895380899310112,29,7,1222,288,0.111281134188175,0.0607574954628944,5,10,0,0,98,2,0,0,"Run 2","8d9c62ec-0aa3-4fbe-970b-e90cf134863d"
"A002","37","2023",2.70917773246765,1.23609936237335,13.7140197753906,1.20176601409912,"PASSIVE","PASSIVE",0.833333671092987,0.826386094093323,0,32.6396865844727,1,0.0623852498829365,95,21,3847,399,0.155800297856331,0.0728312656283379,9,10,0,0,88,12,0,0,"Run 2","8938ea44-8d66-4a07-9d53-331ecf0a0253"
"A002","38","2023",5.58973550796509,1.04279780387878,44.5498085021973,1.04279780387878,"PASSIVE","SURFACE",0.933220684528351,0.409879148006439,0,21.9029541015625,1,0.108073927462101,99,13,3399,414,0.169176638126373,0.0681244134902954,5,10,0,0,92,8,0,0,"Run 2","3f7826d4-cdd5-4b0e-8203-ad33831c0ed6"
"A002","39","2023",4.57094430923462,1.97871148586273,41.7074356079102,2.92010951042175,"PASSIVE","PASSIVE",0.802781999111176,0.733444154262543,0,24.1280155181885,1,0.0946903079748154,98,30,3853,1047,0.235640600323677,0.121594935655594,10,0,0,0,100,0,0,0,"Run 2","d841f3e4-b708-4018-8347-7d7eb2223338"
"A002","4","2023",3.86642694473267,1.82643985748291,90.0500564575195,4.67985343933105,"ACTIVE","PASSIVE",1.00000035762787,1.00000035762787,0,15.7609691619873,1,0.168248787522316,100,67,10933,6652,0.426150858402252,0.236989945173264,10,0,0,0,100,0,0,0,"Run 2","4c7f4eb4-5dc6-45a7-b42d-946fe61a5b8c"
"A002","40","2023",5.30317687988281,2.12750387191772,9.53292942047119,2.26483607292175,"PASSIVE","PASSIVE",0.626165390014648,0.532233655452728,0,43.9263496398926,2,0.0411974564194679,98,29,2054,554,0.25111997127533,0.134594842791557,2,10,0,0,68,32,0,0,"Run 2","3e90f395-9c2f-42d0-aa39-37261d4fad3d"
"A002","41","2023",5.1225266456604,2.10773921012878,19.1710224151611,2.23744678497314,"PASSIVE","PASSIVE",0.84729140996933,0.798862397670746,0,33.5892677307129,2,0.0599456094205379,98,27,1766,433,0.183372259140015,0.0954789221286774,10,0,0,0,100,0,0,0,"Run 2","40deb550-597e-4c4b-b0aa-ce89aaf0e8ae"
"A002","42","2023",5.46998596191406,2.19268727302551,64.143180847168,3.39581489562988,"ACTIVE","PASSIVE",0.828668296337128,0.75531542301178,0,18.3200874328613,1,0.137631744146347,100,58,2146,1073,0.371695846319199,0.205806523561478,10,0,0,0,100,0,0,0,"Run 2","2002ec62-6ffc-49d3-a838-3ba0e5ec78e4"
"A002","43","2023",6.44374322891235,0.975368678569794,41.4419555664062,0.975368678569794,"PASSIVE","SURFACE",0.855577945709229,0.466032952070236,0,22.1016998291016,2,0.106751851737499,99,15,2504,363,0.142817884683609,0.0528253354132175,5,0,0,0,100,0,0,0,"Run 2","38ce057e-8bf7-49a5-85c2-3948d24e7e8d"
"A002","44","2023",6.25473213195801,0.95379638671875,14.2869329452515,0.95379638671875,"PASSIVE","SURFACE",0.873463094234467,0.685465216636658,0,38.335807800293,1,0.0498517975211143,98,22,1998,435,0.115473330020905,0.0566528998315334,5,0,0,0,100,0,0,0,"Run 2","775ead14-b210-4863-8958-5bc32c94e968"
"A002","45","2023",5.33115720748901,2.15843486785889,58.3506240844727,3.17792391777039,"PASSIVE","PASSIVE",0.77811187505722,0.758111357688904,0,20.6834545135498,1,0.116827875375748,99,44,2821,1152,0.379786014556885,0.201869785785675,10,0,0,0,100,0,0,0,"Run 2","15571306-5374-4270-a9bd-0766eea20a0c"
"A002","46","2023",4.85423040390015,2.04402112960815,73.2788467407227,4.59986162185669,"ACTIVE","PASSIVE",1.00000035762787,0.999999642372131,0,12.5377531051636,1,0.226948261260986,100,85,2408,1939,0.450554758310318,0.274785041809082,10,0,0,0,100,0,0,0,"Run 2","a5ce183d-4e88-4a44-847a-09480cf0715c"
"A002","47","2023",3.47318553924561,1.39707970619202,55.7188606262207,1.39707970619202,"ACTIVE","SURFACE",0.82081413269043,0.701033651828766,2.02944946289062,18.4822692871094,1,0.136010333895683,100,22,2200,435,0.36779460310936,0.169949263334274,8,10,0,0,66,34,0,0,"Run 2","55c20a55-e5be-4c28-b7aa-ffe5c3ec2725"
"A002","48","2023",3.1754252910614,1.49393177032471,69.2083358764648,1.49393177032471,"ACTIVE","SURFACE",0.96659117937088,0.773603141307831,7.26608419418335,15.6246194839478,2,0.170196488499641,100,19,5458,1042,0.484987109899521,0.213137969374657,10,8,0,0,62,38,0,0,"Run 2","1d7fbac6-80ec-4583-add7-1910840b53d2"
"A002","49","2023",4.24581909179688,1.90651428699493,9.42356014251709,1.90651428699493,"PASSIVE","SURFACE",0.445013910531998,0.402470231056213,0,61.1451606750488,2,0.0258570834994316,98,25,3142,721,0.282001554965973,0.145250484347343,10,0,0,0,100,0,0,0,"Run 2","9af7a148-7a24-475c-90eb-37321abc6031"
"A002","5","2023",5.71410036087036,1.02012085914612,36.2380447387695,1.02012085914612,"PASSIVE","SURFACE",0.676412284374237,0.6660435795784,0,25.6837291717529,1,0.0869062170386314,97,11,5434,399,0.183917820453644,0.0674853920936584,5,10,0,0,94,6,0,0,"Run 2","7cdb1d39-94fe-470a-b1b2-74ce705b42e7"
"A002","50","2023",3.59343695640564,1.58364570140839,73.8668441772461,2.731614112854,"ACTIVE","PASSIVE",0.966667056083679,0.963221251964569,0,13.6299867630005,1,0.203654929995537,100,50,3776,1762,0.490807265043259,0.247758835554123,10,8,0,0,62,38,0,0,"Run 2","3ea9d6fe-f1b5-4c74-a7bd-4bd44b8d354a"
"A002","51","2023",4.32366037368774,1.23873686790466,8.02085208892822,1.23873686790466,"PASSIVE","SURFACE",0.97496497631073,0.946521043777466,0,64.0278244018555,2,0.0242273584008217,93,47,2289,1149,0.27678844332695,0.143522724509239,5,10,0,0,67,33,0,0,"Run 2","5bba33f6-0c6b-4450-8339-37ae77127ebf"
"A002","52","2023",8.20334053039551,2.75174021720886,11.8740692138672,2.78985452651978,"PASSIVE","PASSIVE",1.00000035762787,1.00000035762787,0,35.6254081726074,1,0.0552264489233494,99,99,109,109,0.0282087102532387,0.0276556648313999,2,0,0,0,100,0,0,0,"Run 2","6c0039ca-64e4-490f-8316-6e8fa19a604a"
"A002","53","2023",6.46588659286499,0.977907955646515,36.0896759033203,0.977907955646515,"PASSIVE","SURFACE",1.00000035762787,0.997079730033875,0,20.8713665008545,1,0.115402534604073,99,58,1131,590,0.0692701935768127,0.0332926027476788,5,0,0,0,100,0,0,0,"Run 2","a008fa6c-b692-4d95-912d-4ad032d2bf70"
"A002","54","2023",7.63664102554321,2.61947774887085,8.61815452575684,2.62984466552734,"PASSIVE","PASSIVE",1.00000035762787,1.00000035762787,0,62.2557792663574,1,0.0252077504992485,99,99,129,129,0.0251226406544447,0.0248385462909937,2,0,0,0,100,0,0,0,"Run 2","434709e8-ade1-49ea-b661-e1f07b911c5f"
"A002","55","2023",7.59010696411133,2.60877537727356,7.96639919281006,2.611172914505,"PASSIVE","PASSIVE",0.900000333786011,0.899995505809784,0,98.7820358276367,2,0.0131034525111318,99,98,334,330,0.0238015335053205,0.0232967082411051,2,0,0,0,100,0,0,0,"Run 2","1a26ecb0-33d6-48f2-8662-3427e0b6c1d3"
"A002","56","2023",9.16510200500488,2.98332548141479,10.5652055740356,2.99408960342407,"PASSIVE","PASSIVE",0.966667056083679,0.966667056083679,0,53.1685676574707,1,0.0314947925508022,99,99,66,66,0.0207530483603477,0.0206632968038321,2,0,0,0,100,0,0,0,"Run 2","478af20a-2ee7-4619-bb1d-db56c6376bfd"
"A002","57","2023",6.56332111358643,0.989110708236694,35.8752250671387,0.989110708236694,"ACTIVE","SURFACE",1.00000035762787,1.00000035762787,0,19.3728275299072,1,0.127652332186699,100,66,659,417,0.0610523596405983,0.0337896272540092,5,0,0,0,100,0,0,0,"Run 2","94152ee8-53d4-4305-96fb-eeb9d32c0661"
"A002","58","2023",7.87733888626099,2.67522954940796,13.7545013427734,2.73440480232239,"PASSIVE","PASSIVE",1.00000035762787,1.00000035762787,0,28.8385486602783,1,0.0740718096494675,99,99,172,172,0.0297786667943001,0.0295458566397429,2,0,0,0,100,0,0,0,"Run 2","d89a3f43-4c51-4ce8-971d-3a873a088974"
"A002","59","2023",8.54858589172363,2.83392405509949,11.2292499542236,2.85914897918701,"PASSIVE","PASSIVE",1.00000035762787,1.00000035762787,0,39.7697372436523,1,0.047355841845274,99,99,63,63,0.0242862571030855,0.0240953769534826,2,0,0,0,100,0,0,0,"Run 2","723c1780-488e-4a28-b376-e995825e3fa0"
"A002","6","2023",1.77739918231964,0.858826994895935,70.414665222168,0.858826994895935,"ACTIVE","SURFACE",0.958628416061401,0.813806712627411,16.4148750305176,11.4995527267456,1,0.253525882959366,100,19,6607,1005,0.303658276796341,0.101725354790688,8,10,0,0,84,16,0,0,"Run 2","48648722-f513-429f-b766-6a8e32d855ad"
"A002","60","2023",9.8333854675293,3.14860224723816,13.3737468719482,3.17810654640198,"PASSIVE","PASSIVE",0.933333694934845,0.933333694934845,0,36.404655456543,1,0.0535841770470142,99,99,97,97,0.0240833833813667,0.0237960759550333,2,0,0,0,100,0,0,0,"Run 2","0da7ead2-42a8-4680-a490-57d225c423e2"
"A002","61","2023",11.707896232605,3.62652254104614,12.1375389099121,3.62730979919434,"PASSIVE","PASSIVE",0.966667056083679,0.966667056083679,1.78450202941895,105.188919067383,3,0.0119841489940882,99,99,11,11,0.0151037890464067,0.0151037890464067,2,0,0,0,100,0,0,0,"Run 2","70828cb1-17d8-4bed-b6de-355168a393e0"
"A002","62","2023",6.55481958389282,0.98813134431839,40.925121307373,0.98813134431839,"ACTIVE","SURFACE",1.00000035762787,1.00000035762787,0,17.5866069793701,1,0.145387843251228,100,66,794,493,0.0727805346250534,0.0336699150502682,5,0,0,0,100,0,0,0,"Run 2","5525f334-8452-47ae-b784-9f8431f043fd"
"A002","63","2023",6.34581613540649,0.964168727397919,42.1495475769043,0.964168727397919,"ACTIVE","SURFACE",1.00000035762787,1.00000035762787,0,15.9536561965942,1,0.165559306740761,100,65,853,496,0.0776409804821014,0.0369798168540001,5,0,0,0,100,0,0,0,"Run 2","17f111a7-59f4-495d-ac2a-4e08c754e69f"
"A002","64","2023",3.61440443992615,1.4833025932312,56.8993072509766,1.32970643043518,"ACTIVE","PASSIVE",0.966667056083679,0.966663360595703,0,17.2719821929932,1,0.148942843079567,100,35,2229,722,0.392551958560944,0.186778858304024,8,10,0,0,57,43,0,0,"Run 2","7047bf0c-ae52-4b10-b6c7-3dae9f51eea4"
"A002","65","2023",4.81200695037842,2.03415369987488,71.743766784668,4.59713792800903,"ACTIVE","PASSIVE",1.00000035762787,1.00000035762787,0,12.4150714874268,1,0.229841694235802,100,76,2838,1798,0.448033571243286,0.277052938938141,10,0,0,0,100,0,0,0,"Run 2","75d8d569-0adb-4ef9-b372-073b79780cce"
"A002","66","2023",2.562007188797,1.20778262615204,62.2718276977539,1.20778262615204,"ACTIVE","SURFACE",1.00000035762787,1.00000035762787,0,11.6020793914795,1,0.250675529241562,100,26,3170,500,0.208478331565857,0.0833520889282227,9,10,0,0,88,12,0,0,"Run 2","355e5281-e9df-4683-a2d3-5ba56ff56610"
"A002","67","2023",1.98754262924194,0.903175711631775,55.9771919250488,0.903175711631775,"ACTIVE","SURFACE",1.00000035762787,0.999993860721588,13.0609445571899,15.7037076950073,1,0.169062152504921,100,35,2094,630,0.255226820707321,0.105378516018391,8,10,0,0,84,16,0,0,"Run 2","cb04cd59-63b0-4340-85ed-456af11ead5f"
"A002","68","2023",5.8998384475708,0.982847511768341,56.9510803222656,0.982847511768341,"ACTIVE","SURFACE",0.990940272808075,0.933444678783417,0,19.0011386871338,1,0.13103275001049,100,15,3862,397,0.172029301524162,0.0668787807226181,5,10,0,0,97,3,0,0,"Run 2","3e886a45-361b-4aba-a25e-2183e0c2baff"
"A002","69","2023",2.01500034332275,0.877315878868103,13.1632041931152,0.877315878868103,"PASSIVE","SURFACE",0.99999326467514,0.969890713691711,13.0519828796387,27.4568843841553,1,0.0792701914906502,97,18,2772,394,0.221435278654099,0.0994221195578575,8,10,0,0,87,13,0,0,"Run 2","63a9b8fa-0380-48ec-b81d-a9d3eaec3803"
"A002","7","2023",3.86642694473267,1.82643985748291,49.7889556884766,3.14760398864746,"PASSIVE","PASSIVE",1.00000035762787,0.999999761581421,0,23.4685401916504,1,0.0983526557683945,98,32,9584,2522,0.269154191017151,0.125634774565697,10,0,0,0,100,0,0,0,"Run 2","15d9aecb-fc06-4c49-a7aa-db1ea185a749"
"A002","70","2023",5.20112037658691,2.12672400474548,58.5167007446289,3.81953406333923,"ACTIVE","PASSIVE",1.00000035762787,1.00000035762787,0,14.0041208267212,1,0.196579873561859,100,73,1942,1108,0.381788671016693,0.229667857289314,10,0,0,0,100,0,0,0,"Run 2","33080474-b581-47d1-ab46-d260596fbf4c"
"A002","71","2023",6.23950290679932,0.952066481113434,29.3245334625244,0.952066481113434,"PASSIVE","SURFACE",1.00000035762787,0.99998950958252,0,24.337833404541,1,0.093573085963726,99,36,1350,331,0.125175982713699,0.0578497461974621,5,0,0,0,100,0,0,0,"Run 2","060090fb-6437-4d6b-899a-1251b5311bd7"
"A002","72","2023",5.95147132873535,0.971685886383057,49.0072212219238,0.971685886383057,"PASSIVE","SURFACE",1.00000035762787,0.999925374984741,0,21.1180667877197,1,0.113575235009193,99,20,2433,339,0.164986625313759,0.0631586462259293,5,10,0,0,97,3,0,0,"Run 2","32e7377d-0945-4d99-aa89-815fad942064"
"A002","73","2023",5.02558183670044,2.08451724052429,65.5590057373047,3.89371800422668,"ACTIVE","PASSIVE",0.993806719779968,0.966667473316193,0,14.6299953460693,1,0.185626477003098,100,76,2098,1506,0.320533663034439,0.206805258989334,10,0,0,0,100,0,0,0,"Run 2","8058b319-39a3-4b1f-938a-1612d487c9b4"
"A002","74","2023",6.51156377792358,0.983154058456421,50.1226577758789,0.983154058456421,"ACTIVE","SURFACE",1.00000035762787,0.956139624118805,0,19.901985168457,1,0.12308644503355,100,32,1341,330,0.137311279773712,0.0530100017786026,5,0,0,0,100,0,0,0,"Run 2","82651cec-dea8-4e63-9f7e-988ce7dd127d"
"A002","75","2023",7.34344673156738,1.08034145832062,7.59427452087402,1.08034145832062,"PASSIVE","SURFACE",0.678148090839386,0,19.8820457458496,26.2126903533936,14,0.0845023542642593,91,29,1723,548,0.0859380140900612,0.0395573638379574,5,0,0,0,100,0,0,0,"Run 2","a4046325-33e2-4fb7-914a-19ca557a5378"
"A002","76","2023",7.14415740966797,2.50755620002747,7.47265005111694,2.50755620002747,"PASSIVE","SURFACE",0.565549671649933,0.000100620367447846,19.3154258728027,37.9668960571289,13,0.050530169159174,92,11,1289,158,0.0733279138803482,0.0366156995296478,2,0,0,0,100,0,0,0,"Run 2","01e710ca-6e35-45ba-a421-ad7ebd9acdf7"
"A002","77","2023",7.15320587158203,1.70487892627716,21.6853446960449,1.77177488803864,"PASSIVE","PASSIVE",0.966380596160889,0.719856083393097,0,26.0699348449707,1,0.0851399600505829,99,48,888,403,0.0559975169599056,0.028020866215229,5,2,0,0,65,35,0,0,"Run 2","973c8511-519b-4731-8543-87b0891301f4"
"A002","78","2023",8.27083587646484,1.191685795784,14.8480453491211,1.191685795784,"PASSIVE","SURFACE",0.799285650253296,0.302537113428116,0,38.3308601379395,2,0.0498607940971851,98,39,561,187,0.0617415867745876,0.0291631110012531,5,0,0,0,100,0,0,0,"Run 2","7d1e7575-15ba-441e-b775-4d7333e82204"
"A002","79","2023",7.31151437759399,2.54524898529053,8.93556213378906,2.54524898529053,"PASSIVE","SURFACE",0.862430393695831,0.20551823079586,14.801736831665,39.485897064209,10,0.0478328838944435,98,28,653,174,0.0663712918758392,0.0359317883849144,2,0,0,0,100,0,0,0,"Run 2","e1c6959e-0d41-47b9-9580-3b1a89e73f50"
"A002","8","2023",2.44098615646362,1.18531692028046,69.186897277832,1.18531692028046,"ACTIVE","SURFACE",1.00000035762787,1.00000035762787,0,17.8958702087402,1,0.14203017950058,100,26,6872,1449,0.227832108736038,0.0761967599391937,9,10,0,0,88,12,0,0,"Run 2","c47cdbd2-88b3-4b08-92b7-168f9e405f7c"
"A002","80","2023",6.34970474243164,2.33402633666992,9.65538597106934,2.33402633666992,"PASSIVE","SURFACE",0.568681180477142,0.00146278878673911,16.0930194854736,30.9968013763428,9,0.0670244097709656,95,8,1986,170,0.0981933027505875,0.0445036478340626,2,0,0,0,100,0,0,0,"Run 2","c37c0ba4-b94a-4670-8353-5c639f4978e3"
"A002","81","2023",8.14468860626221,1.17638683319092,13.2293100357056,1.17638683319092,"PASSIVE","SURFACE",0.678488731384277,0.279527693986893,0,46.3654594421387,1,0.0381868779659271,97,15,1003,133,0.0672841146588326,0.0308560263365507,5,0,0,0,100,0,0,0,"Run 2","2894e33a-8b04-4f93-8960-fd8f128234db"
"A002","82","2023",7.44126796722412,1.09195268154144,9.43703556060791,1.09195268154144,"PASSIVE","SURFACE",0.58166778087616,0.00296785356476903,16.299259185791,38.7541465759277,12,0.049100998789072,97,14,1528,217,0.0801431238651276,0.0384382791817188,5,0,0,0,100,0,0,0,"Run 2","6d1d166d-5de5-4821-b3f6-4d79905d8f9a"
"A002","83","2023",6.54717016220093,2.37626528739929,6.54717016220093,2.37626528739929,"SURFACE","SURFACE",0.551340281963348,1.5475889085792e-05,27.3149013519287,40.5657653808594,17,0.0460600778460503,85,15,1420,264,0.0730553045868874,0.04232257604599,2,0,0,0,100,0,0,0,"Run 2","50d8d68d-ddc4-48f5-8eb1-1598292c6c41"
"A002","84","2023",7.41883373260498,2.5696074962616,7.41883373260498,2.5696074962616,"SURFACE","SURFACE",0.668615758419037,0.133500173687935,20.8751068115234,52.2759323120117,15,0.0322551727294922,95,17,1149,204,0.0613607279956341,0.0341257527470589,2,0,0,0,100,0,0,0,"Run 2","ccf5bf08-64e9-4ccd-9119-d26604088e28"
"A002","85","2023",7.35550165176392,1.08177053928375,7.35550165176392,1.08177053928375,"SURFACE","SURFACE",0.459092289209366,0,29.6076354980469,42.8243637084961,20,0.0426922887563705,87,14,1507,241,0.0687651336193085,0.0394197925925255,5,0,0,0,100,0,0,0,"Run 2","6790b221-5f94-4dc2-bf66-07481b11c0ba"
"A002","86","2023",7.47833490371704,1.09636127948761,9.48689746856689,1.09636127948761,"PASSIVE","SURFACE",0.653100669384003,0,17.7276306152344,32.5653038024902,13,0.0625834390521049,97,18,1423,270,0.150296598672867,0.077966496348381,5,0,0,0,100,0,0,0,"Run 2","8029e575-4300-4524-95ad-92f2bf917f28"
"A002","87","2023",6.98410034179688,1.03799974918365,7.2347149848938,1.03799974918365,"PASSIVE","SURFACE",0.778925836086273,0,19.8494644165039,27.9050331115723,13,0.0775181949138641,91,25,1505,399,0.0919303521513939,0.0436038561165333,5,0,0,0,100,0,0,0,"Run 2","295ff8af-cd1b-4154-aaca-5ba5f533b517"
"A002","88","2023",6.45811796188354,2.35713863372803,11.53293800354,2.35713863372803,"PASSIVE","SURFACE",0.814640581607819,0.0285738054662943,12.3280181884766,30.9033279418945,7,0.0673058182001114,98,18,1299,240,0.0899336263537407,0.0439207702875137,2,0,0,0,100,0,0,0,"Run 2","c616c835-6e3c-497c-973d-22fd8c573318"
"A002","89","2023",7.22396373748779,1.06620693206787,12.9011716842651,1.06620693206787,"PASSIVE","SURFACE",0.857899963855743,0,13.8280868530273,30.7175388336182,10,0.067871131002903,98,18,1304,243,0.0875402018427849,0.0409267246723175,5,0,0,0,100,0,0,0,"Run 2","02c90480-6c4a-4c3c-a279-d39dd533b1f9"
"A002","9","2023",3.86642694473267,1.82643985748291,102.37801361084,5.32843065261841,"ACTIVE","PASSIVE",0.933333694934845,0.933333158493042,0,14.7476778030396,1,0.183680802583694,100,47,20772,8217,0.373057067394257,0.208258584141731,10,0,0,0,100,0,0,0,"Run 2","05866b86-2b41-4e5a-a1ff-7a89e17f77de"
"A002","90","2023",6.7669849395752,2.42400360107422,6.7669849395752,2.42400360107422,"SURFACE","SURFACE",0.665279984474182,0.261567950248718,20.707799911499,37.9766235351562,13,0.0505120754241943,96,17,1261,221,0.0751082971692085,0.0403697937726974,2,0,0,0,100,0,0,0,"Run 2","92054496-6c8f-4ab9-9588-196d82983da5"
"A002","91","2023",6.46728086471558,0.978068053722382,6.46728086471558,0.978068053722382,"SURFACE","SURFACE",0.648976147174835,0,22.570276260376,32.5133018493652,13,0.0627226307988167,80,11,1847,269,0.0929432138800621,0.0517693571746349,5,0,0,0,100,0,0,0,"Run 2","69281d14-360e-4f80-b406-590e887e6c67"
"A002","92","2023",6.07971525192261,2.27732729911804,6.07971525192261,2.27732729911804,"SURFACE","SURFACE",0.778937697410583,0.166281759738922,25.4183807373047,28.9941349029541,14,0.0735225453972816,97,25,1244,324,0.086821474134922,0.0476796366274357,2,0,0,0,100,0,0,0,"Run 2","e34262f8-2723-4636-99aa-e79df0fe8798"
"A002","93","2023",7.32258749008179,1.07786989212036,14.4933547973633,1.07786989212036,"PASSIVE","SURFACE",0.598675668239594,0.212796077132225,2.19572973251343,38.2082328796387,3,0.0500846356153488,98,14,1309,178,0.0860316753387451,0.0399185344576836,5,0,0,0,100,0,0,0,"Run 2","764cd46d-fae0-49f1-80de-4b1a06e33c9d"
"A002","94","2023",6.54672908782959,0.987199783325195,15.5578632354736,0.987199783325195,"PASSIVE","SURFACE",0.745774686336517,0.0516461655497551,6.67001342773438,31.6618175506592,5,0.0650783851742744,98,19,1803,343,0.100956626236439,0.0502324812114239,5,0,0,0,100,0,0,0,"Run 2","43c471ec-0bce-49d6-81e0-35c964d333c5"
"A002","95","2023",5.92604160308838,2.24563074111938,5.92604160308838,2.24563074111938,"SURFACE","SURFACE",0.691729724407196,3.89185734093189e-05,24.6312370300293,31.4045524597168,13,0.0658197328448296,79,15,1471,280,0.0866863131523132,0.0498367510735989,2,0,0,0,100,0,0,0,"Run 2","658cf424-3c64-4a97-b727-63c53e157b52"
"A002","96","2023",6.9548773765564,1.03457915782928,30.8750133514404,1.03457915782928,"PASSIVE","SURFACE",0.930625319480896,0.218427807092667,2.39131355285645,23.0330657958984,3,0.100904151797295,99,28,1077,271,0.103677332401276,0.044068668037653,5,0,0,0,100,0,0,0,"Run 2","038aaa64-a066-4122-aa13-fda0d7553bcb"
"A002","97","2023",5.61029243469238,1.0391663312912,42.4201431274414,1.0391663312912,"COND_CRN","SURFACE",0.800372004508972,0.333333343267441,27.6509265899658,19.3300361633301,13,0.128033995628357,100,31,2439,734,0.140118971467018,0.0671411529183388,5,10,0,0,92,8,0,0,"Run 2","08db4090-4f1b-4cbc-8ba2-e39bd652c05b"
"A002","98","2023",6.60700225830078,0.994148075580597,7.82485437393188,0.994148075580597,"PASSIVE","SURFACE",0.730268359184265,0.0813905298709869,17.9466705322266,39.4686889648438,11,0.0478620640933514,80,16,1862,323,0.0953482836484909,0.0489704944193363,5,0,0,0,100,0,0,0,"Run 2","a32c19b3-7332-4cc8-9915-9525fabb7826"
"A002","99","2023",6.51601362228394,0.983665704727173,6.51601362228394,0.983665704727173,"SURFACE","SURFACE",0.941275179386139,0.0160459522157907,22.2873802185059,29.1831398010254,13,0.0728645324707031,96,28,1521,425,0.0973691865801811,0.0507910028100014,5,0,0,0,100,0,0,0,"Run 2","6d403af9-7965-4e85-b1f7-b883bc3c5553"
